Playlist Id,Channel Id,Time Created,Time Updated,Title,Description,Visibility
LLHrFl7L0nxm-RSJcptaw_-Q,UCHrFl7L0nxm-RSJcptaw_-Q,2015-09-03 10:58:46 Z,2023-04-15 17:01:15 Z,Liked videos,,Private





Video Id,Time Added
yiJ7_X8mW-Y,2023-04-15 17:01:15 Z
b4VAEmZBqK0,2023-04-08 19:34:50 Z
p_brKYFI-dw,2023-04-06 09:13:40 Z
wwE1fZmIkss,2023-04-04 06:03:03 Z
Hm14UrNBLtY,2023-04-04 06:03:00 Z
Qz0KTGYJtUk,2023-04-02 05:51:13 Z
lPvbewhBD5g,2023-04-01 08:00:52 Z
g84QkY-N8FM,2023-03-31 22:55:23 Z
leJPPsxquo4,2023-03-31 22:22:33 Z
UeCdBVHYa_8,2023-03-31 21:09:16 Z
OXtUHdFbPfU,2023-03-31 20:29:39 Z
IRETsJ33uCk,2023-03-31 20:29:37 Z
v0zipXLSHgA,2023-03-31 08:16:48 Z
TX4fMAWcGew,2023-03-23 09:13:47 Z
f6T3qWI2c-Y,2023-03-22 02:09:47 Z
ucq0m2Xyb7M,2023-03-22 01:49:48 Z
P1GH-04ebzo,2023-03-17 03:00:46 Z
1cqqGOvOGfI,2023-03-17 02:40:27 Z
Kds8YMRpxSA,2023-03-11 20:36:01 Z
xo9G7xJ1FCA,2023-03-11 18:51:12 Z
vydgkCCXbTA,2023-03-08 22:37:29 Z
gdssxLx7ofs,2023-03-05 01:24:23 Z
v1eWIshUzr8,2023-03-02 10:46:25 Z
0HYm60Mjm0k,2023-03-02 03:24:27 Z
oeyW9x7r2Xw,2023-02-25 19:30:06 Z
B0nxPUFu9NY,2023-02-24 02:15:12 Z
1sgSFw3VYJ0,2023-02-18 19:39:45 Z
z73R8Yy5vcQ,2023-02-18 01:59:24 Z
mVWtDBonwD0,2023-02-17 18:45:47 Z
r01fv4IXZ68,2023-02-17 18:44:03 Z
qeLkEHmPbYI,2023-02-10 08:26:42 Z
r6bNoISY0Ps,2023-02-10 06:42:09 Z
NXVeSJ1WAt0,2023-02-09 03:28:56 Z
H5GETOP7ivs,2023-02-08 17:02:24 Z
3H79ZcBuw4M,2023-02-07 23:48:07 Z
Gc5eICzHkFU,2023-02-03 20:17:49 Z
Ov0EetgMws4,2023-02-03 20:16:28 Z
nlQ61jntSkQ,2023-02-03 00:39:31 Z
3JHzWPw5ZxE,2023-02-01 18:53:32 Z
A33iR_Lp_WQ,2023-01-31 06:38:51 Z
M61HGMA6xFs,2023-01-29 06:08:31 Z
Olq0O03eyt8,2023-01-29 03:05:20 Z
TJ2ifmkGGus,2023-01-29 02:38:31 Z
 -BLAUhBl0nA,2023-01-28 21:57:24 Z
BEnZ0VgQAXw,2023-01-28 01:03:16 Z
WpN-y0pJ8VA,2023-01-26 04:22:59 Z
Cz1s7Bcr-OI,2023-01-25 20:34:01 Z
ZFQlVVJTO_U,2023-01-25 15:17:50 Z
6VZlWIW5ZdM,2023-01-22 23:39:06 Z
m__WcDdaF7k,2023-01-22 09:40:41 Z
MxT59XJXMnU,2023-01-22 09:31:36 Z
KPeYYXDxyUg,2023-01-22 09:18:17 Z
RRv6s_ChTw4,2023-01-22 01:43:19 Z
C3y6SsGAWks,2023-01-20 21:03:18 Z
HjHMoNGqQTI,2023-01-19 17:18:16 Z
n38bOgF0y14,2023-01-19 09:03:02 Z
gbNQDvqIak8,2023-01-16 18:18:34 Z
RpuRYyCNQao,2023-01-14 17:05:06 Z
240Vq6tIxio,2023-01-08 05:15:04 Z
23KGMNHi4Ko,2023-01-07 08:32:24 Z
dHX0HBGmU3M,2023-01-04 04:52:09 Z
hR39C5Gmr1c,2023-01-02 13:34:04 Z
Rf61NSPwMhA,2022-12-31 15:18:47 Z
KPoeNZZ6H4s,2022-12-31 10:39:52 Z
mHoljbkyAEs,2022-12-31 10:09:18 Z
1O44N8M1Ufw,2022-12-29 04:51:42 Z
owuKGXRqR2E,2022-12-26 10:38:20 Z
xfv6xX0kLLY,2022-12-23 16:16:47 Z
tI8OqpkOVzs,2022-12-22 14:58:13 Z
Vh3y1ela-_s,2022-12-22 10:40:05 Z
Mt8uLveDY24,2022-12-21 01:59:15 Z
Qct6LKbneKQ,2022-12-17 01:05:20 Z
qvpXpCvkqbc,2022-12-16 04:13:29 Z
Nc08RhOQDR4,2022-12-16 01:25:49 Z
hEDQpqhY2MA,2022-12-14 10:39:31 Z
EGDokIJWrQU,2022-12-04 23:52:47 Z
zXJqTXiF-d4,2022-12-03 22:30:10 Z
I2WA5ZNSt_4,2022-12-02 17:33:29 Z
9eG6vug8qYI,2022-11-30 09:39:19 Z
jaEhvWXmLyk,2022-11-29 18:35:36 Z
pymCvxslmnQ,2022-11-27 09:44:28 Z
WE9ICqEf_m4,2022-11-25 18:43:02 Z
z6ep308goxQ,2022-11-25 06:45:20 Z
F9NUZEJB5A0,2022-11-24 10:10:06 Z
HLRdruqQfRk,2022-11-24 09:00:49 Z
zlRRdGnzA00,2022-11-21 22:41:00 Z
mNTj05I4k5I,2022-11-18 10:24:25 Z
mMaBVfIedFw,2022-11-18 09:13:26 Z
AYy8RFcN_ds,2022-11-18 06:41:37 Z
InAi4kLKtGw,2022-11-17 09:17:57 Z
WVfRxFwVHQc,2022-11-16 22:04:47 Z
7O2CBgWshiM,2022-11-15 17:11:14 Z
3XuP_I28HgY,2022-11-15 08:09:47 Z
Gla-Le9VVC8,2022-11-15 08:09:35 Z
I0ZY37DHYU4,2022-11-14 07:47:58 Z
wHq7zWWr7BU,2022-11-14 06:24:12 Z
lNfSdJjjaLI,2022-11-09 17:57:16 Z
6hVPNONm7xw,2022-11-07 21:23:06 Z
hNA6b66bILk,2022-11-05 04:04:06 Z
1OfeswjPZuw,2022-11-03 22:33:53 Z
nmgFG7PUHfo,2022-11-03 21:51:35 Z
B5IbSOo4o5o,2022-11-02 17:45:24 Z
qs8XDWAuvEg,2022-10-28 06:29:17 Z
WEWEdIcx1DI,2022-10-25 06:15:29 Z
vU3pj2KF-Ck,2022-10-24 07:01:02 Z
cZ9YAFYIBOU,2022-10-23 21:35:23 Z
8GF3Di-WCv0,2022-10-23 20:48:54 Z
klmvaVvv_0c,2022-10-23 17:14:46 Z
UQfTkNmdv4c,2022-10-23 16:41:04 Z
EyxNSfsmhOU,2022-10-23 05:02:03 Z
0b75cl4-qRE,2022-10-22 17:49:48 Z
Qe5WT22-AO8,2022-10-22 03:56:52 Z
cuCNgn8X58w,2022-10-20 05:57:26 Z
T3cwKyFLP28,2022-10-19 01:52:18 Z
BwBXP9wpOnY,2022-10-18 16:42:25 Z
XuWVH314WJo,2022-10-15 18:02:58 Z
XLVEOMGqYBE,2022-10-12 08:15:15 Z
SDgSe4JDtVw,2022-10-08 02:51:34 Z
b99Tt8xLzWc,2022-10-05 17:53:35 Z
AVxGOMFJZUc,2022-10-05 02:40:33 Z
bDgolMkLREA,2022-10-04 22:41:18 Z
eLDCS3ScSr4,2022-10-03 17:38:50 Z
DTW1z0tITlg,2022-09-29 22:51:26 Z
1UXHsCT18wE,2022-09-28 05:11:18 Z
H4ukudIrLxQ,2022-09-27 15:54:58 Z
 -wpHszfnJns,2022-09-26 17:11:56 Z
x8VYWazR5mE,2022-09-24 21:59:31 Z
M80oT3OO1yw,2022-09-22 16:33:46 Z
GtH3O-IbHIU,2022-09-21 17:26:41 Z
_gHE6G6_TzM,2022-09-21 01:36:20 Z
MUQX4qknJho,2022-09-20 06:09:45 Z
M1-YeqGynlw,2022-09-20 05:40:48 Z
phOG1EyrrZM,2022-09-17 11:27:23 Z
KBRkbE5rkrU,2022-09-16 17:05:10 Z
I_pES9ZuPPo,2022-09-15 12:33:13 Z
AOdp09SYhCc,2022-09-15 02:30:30 Z
Rx2yS2iIVSk,2022-09-13 10:36:18 Z
QOLu6kdg2PM,2022-09-12 05:38:14 Z
RxK8092TuPo,2022-09-09 14:21:01 Z
XLDBzM26x1E,2022-09-08 14:39:22 Z
P1OLMfq4aqc,2022-09-05 08:28:24 Z
NBX09gcwmAU,2022-09-05 04:57:01 Z
blITgj1DF1I,2022-09-04 15:21:56 Z
yRmOWcWdQAo,2022-09-03 07:05:59 Z
2K5Gqp1cEcM,2022-09-01 02:51:58 Z
BMI6Mbx8lbw,2022-08-29 09:40:21 Z
Xb03gdRUWeM,2022-08-26 15:45:43 Z
4IaOeVgZ-wc,2022-08-25 08:06:22 Z
VqNu6WGtWdM,2022-08-24 14:42:47 Z
xGxSTzaID3k,2022-08-24 06:22:59 Z
Jf09Uqm3niI,2022-08-20 10:20:18 Z
ug_ArwfWoAo,2022-08-20 05:05:11 Z
2hgG4ieFuKw,2022-08-18 16:32:01 Z
afAgmukeOGw,2022-08-17 14:53:37 Z
WXuK6gekU1Y,2022-08-16 16:18:21 Z
SOsp4igO9NQ,2022-08-15 15:15:57 Z
 -GjOKU3t2ng,2022-08-15 10:37:06 Z
hfMk-kjRv4c,2022-08-14 16:15:46 Z
oCtYBqcN7QE,2022-08-14 04:59:25 Z
nfDoml-Db64,2022-08-13 09:53:50 Z
dGVjfksIqUk,2022-08-13 09:49:31 Z
15zHLXvFUs0,2022-08-13 04:16:20 Z
6JnT37oUV_w,2022-08-12 16:07:13 Z
ivVzGpznw1U,2022-08-12 14:07:19 Z
yCdwm2vo09I,2022-08-12 13:00:09 Z
oUaLEgzvMQs,2022-08-10 10:15:44 Z
MomYN46jnVs,2022-08-07 14:35:46 Z
TKBo20RNNrE,2022-08-07 10:59:57 Z
BgXvxJ8F1ME,2022-08-07 10:46:17 Z
DhUFLepewgA,2022-08-04 16:17:57 Z
mGShD9ZER1c,2022-08-04 15:21:31 Z
DPJL488cfRw,2022-08-04 14:39:48 Z
sXpqGD-6WsQ,2022-08-04 11:37:26 Z
Zdw38pJau_s,2022-08-03 07:12:47 Z
h20YcGn0xsY,2022-08-03 01:54:09 Z
1NEseESJK_4,2022-08-02 16:14:32 Z
k9J4H5gkLqw,2022-08-02 15:52:32 Z
s20NFjA7818,2022-08-02 14:32:46 Z
NlXYiUDyhkg,2022-08-02 07:17:48 Z
AxV0_1Y4zl0,2022-08-02 02:16:08 Z
SAtZawkqBG8,2022-08-01 10:47:41 Z
9cT0jXI7l4E,2022-07-31 14:39:50 Z
G5FmFuPPvdE,2022-07-31 04:56:42 Z
3RGEo2Kohb8,2022-07-28 10:58:28 Z
LQR5Us3D_ZA,2022-07-27 15:55:23 Z
qVqDGF4AuXQ,2022-07-25 08:55:59 Z
GK6WCUnhUg0,2022-07-20 07:45:34 Z
njU37AjslG4,2022-07-16 07:49:57 Z
U-_vNLUNaRE,2022-07-15 10:07:58 Z
Ytx-fud0Zh0,2022-07-15 04:49:11 Z
vjqt8T3tJIE,2022-07-12 13:23:54 Z
dKtsjQtigag,2022-07-12 10:17:27 Z
xj6GikPbhdQ,2022-07-12 08:50:26 Z
nfZb72iMJXs,2022-07-10 14:58:52 Z
OsQymqWRu6Y,2022-07-10 04:29:13 Z
bCnRO9yjMo8,2022-07-09 11:07:35 Z
KmegnJfFdXo,2022-07-09 05:16:47 Z
oIYvPNtWZ34,2022-07-08 02:41:33 Z
gusXBTyg1O4,2022-07-06 11:00:39 Z
__OSyznVDOY,2022-07-06 07:01:55 Z
DPMluEVUqS0,2022-07-01 02:18:38 Z
yAi3XWCBkDo,2022-06-30 10:31:42 Z
TWBEi4ZcLu4,2022-06-30 05:32:36 Z
t0OUnAICGzE,2022-06-28 14:34:41 Z
BaxPsImTZtQ,2022-06-28 14:34:37 Z
P_WgCpM48xI,2022-06-27 06:25:30 Z
vEOcrYlX7SU,2022-06-23 15:19:04 Z
5zdK5HqjcUY,2022-06-23 02:06:04 Z
v_EXhaiNGdg,2022-06-22 15:53:03 Z
KuOfUDDDb6Q,2022-06-20 14:46:19 Z
c-O8EqH190c,2022-06-18 15:00:11 Z
s6tXnN3Xl5k,2022-06-18 08:55:06 Z
UwFbtE4YS7g,2022-06-18 00:21:50 Z
 -BdZPFzH2JY,2022-06-16 13:46:25 Z
FhhyqkbtaR4,2022-06-15 08:24:07 Z
Ya_LluCl16k,2022-06-14 02:04:54 Z
IFqnhlsw0aE,2022-06-11 23:03:14 Z
DIeSXmWmb40,2022-06-11 21:34:37 Z
A2dH-48tDMc,2022-06-04 21:42:49 Z
aRSjFMzuNQo,2022-06-04 20:51:34 Z
XmDtLvCEVsk,2022-06-04 20:41:36 Z
_uzG52hegE4,2022-06-04 11:04:01 Z
JcJSW7Rprio,2022-06-04 00:53:25 Z
G7i9M2KaRZs,2022-05-30 21:53:28 Z
bSVfItpvG5Q,2022-05-30 11:22:59 Z
SEwoI5XbIMc,2022-05-26 09:40:57 Z
AHjaqOddKbQ,2022-05-25 22:24:11 Z
bOXCLR3Wric,2022-05-24 00:54:00 Z
Kaq2jn_fBVk,2022-05-23 08:31:08 Z
rof4GJ5sc44,2022-05-23 07:41:20 Z
JmvHNatZgVI,2022-05-20 16:28:34 Z
uQzk2BQxH_U,2022-05-20 07:42:39 Z
7h7bnYA1LXE,2022-05-20 03:18:42 Z
kdu27bQ_y-Q,2022-05-18 03:44:33 Z
yCBEumeXY4A,2022-05-17 00:35:32 Z
nW6N0BDAnN0,2022-05-15 09:46:18 Z
UvL4mVvl57c,2022-05-15 05:23:54 Z
5RkzOAlLBg4,2022-05-13 20:12:07 Z
hOESUIkzsck,2022-05-13 07:39:59 Z
kjJ8vXIYBJ4,2022-05-12 20:02:01 Z
twAP3buj9Og,2022-05-11 04:32:53 Z
AEkzWP6lTBo,2022-05-08 19:04:24 Z
OQ57dB3-VOI,2022-05-08 09:46:39 Z
R4XiMFCOeQg,2022-05-07 22:10:27 Z
Hmqrire0vVc,2022-05-07 19:28:38 Z
6f3UMKtkyos,2022-05-06 09:21:30 Z
XAuV2VTXMfA,2022-05-05 21:39:01 Z
lIpXB9UWlQc,2022-05-05 09:22:47 Z
2CcxTCh4SOQ,2022-05-04 21:08:56 Z
maqIaT_ZUxs,2022-05-04 17:46:53 Z
yEktiuOE-3o,2022-05-01 18:04:21 Z
4QP25lCZ3b0,2022-04-28 18:29:06 Z
DqPd6MShV1o,2022-04-26 17:10:33 Z
HaUzUwNBFcc,2022-04-26 16:41:53 Z
9-5oZ8YF3VU,2022-04-26 01:15:13 Z
x6xX3bbp-8c,2022-04-25 05:46:38 Z
UIp6_0kct_U,2022-04-23 20:24:09 Z
-1YmyJW0O6o,2022-04-23 20:22:07 Z
odKI7TkIOGU,2022-04-23 19:42:48 Z
V0VfyYDY3dQ,2022-04-22 06:59:05 Z
mLYMAkgvZsI,2022-04-22 06:31:27 Z
X3_LD3R_Ygs,2022-04-21 18:33:22 Z
YtYc-RLInrU,2022-04-21 08:48:40 Z
4jlacaLPjRo,2022-04-21 00:10:30 Z
n_f-1JSJ2fM,2022-04-20 23:48:19 Z
XvRcLdZMKMI,2022-04-20 08:10:24 Z
LNAUe-eiHTs,2022-04-17 17:35:58 Z
Yw0OeCMB1MM,2022-04-16 08:05:39 Z
 -SZcHYgv5Yg,2022-04-16 08:02:11 Z
K_AeHbUkmSg,2022-04-16 08:02:01 Z
OEag_UQXBAQ,2022-04-15 08:57:40 Z
BFld4EBO2RE,2022-04-15 04:00:28 Z
NAoJGwce54g,2022-04-14 08:29:51 Z
lAbI9TEsdhY,2022-04-14 04:25:53 Z
20kiXW0mdkc,2022-04-13 07:13:12 Z
cJzNiFLyw8k,2022-04-10 09:03:29 Z
wVOtWhIRqFs,2022-04-09 20:15:57 Z
66Lfm3kXAxk,2022-04-09 19:40:34 Z
ct5OVzcRcnA,2022-04-09 16:52:45 Z
IGRf0tnoeDo,2022-04-09 08:06:27 Z
BwzzOvPz7zQ,2022-04-09 07:27:46 Z
azpxUnIgsts,2022-04-08 16:28:02 Z
kUv7EXCHlMA,2022-04-06 17:05:01 Z
tjAgP-Gdn0c,2022-04-03 23:26:11 Z
4jqs33rf0RI,2022-04-02 21:45:40 Z
GmC05wOc5Dw,2022-04-02 21:06:45 Z
hqCCIAPSl3k,2022-04-02 08:40:19 Z
7lT1ha_B2EE,2022-04-02 07:14:34 Z
S0d_6GyJ-O0,2022-04-01 04:28:20 Z
USKD3vPD6ZA,2022-04-01 03:37:52 Z
tONF9OSUOSw,2022-03-31 21:33:40 Z
A8kGxcBdXYs,2022-03-28 03:50:51 Z
UefVmq0ptgw,2022-03-27 19:01:37 Z
Y2PPXPCb9dY,2022-03-26 17:11:06 Z
lpVMACFBWBI,2022-03-24 01:54:25 Z
a1oJo2dMXPw,2022-03-23 18:38:40 Z
qF1DTK4U1AM,2022-03-22 00:19:56 Z
H2rLPU6D-hs,2022-03-21 03:05:47 Z
92Gq_mG-cQY,2022-03-18 22:03:35 Z
iQGl-ffVtaM,2022-03-15 03:03:26 Z
dtiLxLrzjOQ,2022-03-14 22:51:24 Z
QnQXUoFHZxw,2022-03-08 07:31:31 Z
XFZ5l9SaIVw,2022-03-03 00:55:36 Z
lkkixHhdHdc,2022-02-26 15:04:10 Z
taIHnAvuGco,2022-02-23 05:57:29 Z
UXD97l7ZT0w,2022-02-10 19:09:55 Z
VP9rnk6nItM,2022-02-07 08:31:44 Z
6iCT6YqwVxU,2022-01-31 16:45:29 Z
7zW1uviQNZE,2022-01-31 05:00:05 Z
2qv_vCHZkcg,2022-01-26 21:11:24 Z
HAKsoiHR8JU,2022-01-26 09:33:37 Z
v5DfYcT5icY,2022-01-19 21:46:14 Z
cCE1i2tJQQY,2022-01-19 07:55:30 Z
54IteWmegk0,2022-01-18 07:43:59 Z
VbmT-I35k10,2022-01-13 06:55:02 Z
DLp6w0w2I5s,2022-01-12 16:55:06 Z
zgYlG2cYLGw,2022-01-11 07:26:32 Z
tIoH3oQCubk,2022-01-11 07:06:28 Z
wDtt24RxdLk,2022-01-07 05:40:54 Z
fFzibMEj0yg,2022-01-06 20:38:04 Z
EdYzqLgMmgk,2022-01-02 18:59:10 Z
H0Ek86IH-3Y,2022-01-02 18:51:57 Z
XUgIQW1ZnKc,2022-01-01 02:55:21 Z
AlNNkeB9pjU,2021-12-31 20:27:25 Z
vTMF6xEiAaY,2021-12-30 06:23:42 Z
HbxWGjQ2szQ,2021-12-28 21:54:07 Z
gJmXnNg_-BE,2021-12-28 00:24:43 Z
FJSI7QTAt_o,2021-12-27 18:13:05 Z
NPaz6mFsSjU,2021-12-26 19:15:41 Z
vmiA8EzERTY,2021-12-26 07:03:13 Z
AsdtgaWLlcg,2021-12-25 05:56:40 Z
GMcjj4pf7U8,2021-12-25 05:47:34 Z
I-_nVsZh3d8,2021-12-25 05:42:42 Z
zhOIEe4xP3E,2021-12-25 05:29:15 Z
4aCBuK69-KM,2021-12-25 04:34:33 Z
55i_fvGCfvw,2021-12-24 15:58:44 Z
IYedtTD40ZU,2021-12-24 02:35:13 Z
DlL_20x0QH8,2021-12-24 02:32:05 Z
OS-8KMtUmQ8,2021-12-23 04:35:11 Z
ltLUadnCyi0,2021-12-21 16:36:45 Z
iWVboDw_-Zs,2021-12-20 05:27:42 Z
LO0MRVjcY4E,2021-12-17 08:15:32 Z
Tq55upxAlyA,2021-12-17 02:01:44 Z
nZcTfZjWO7Y,2021-12-17 00:17:47 Z
P8TfBV46ky0,2021-12-15 07:39:34 Z
fgQ3ACmy4z4,2021-12-14 20:07:33 Z
 -kCePEEBjvc,2021-12-11 19:02:44 Z
23BwajC5CKM,2021-12-11 19:02:41 Z
2QKPQ6JYVhU,2021-12-11 18:09:28 Z
zgXI7b7zH9c,2021-12-08 17:34:06 Z
4grtHs_KIeE,2021-12-06 22:45:18 Z
pTWg-jHXOdU,2021-12-05 06:00:39 Z
PBN9TlzfpXQ,2021-12-03 18:50:27 Z
fXW-QjBsruE,2021-12-02 02:38:19 Z
XejJ6PzPtEw,2021-12-01 17:08:35 Z
bZfwpBp0ZEI,2021-11-29 19:23:10 Z
tZueJx-ndnI,2021-11-29 07:45:22 Z
syA9oZkQ-KY,2021-11-27 05:48:21 Z
nn5q38-5ZLQ,2021-11-25 05:42:37 Z
en5KyaRyRbw,2021-11-23 22:18:40 Z
UQum1utQdqc,2021-11-23 01:55:36 Z
rE23BWbSAAs,2021-11-22 09:09:01 Z
6nMo8T3T0L4,2021-11-21 19:20:59 Z
NqVS70vcg60,2021-11-18 18:41:23 Z
ncDEBv6Jyms,2021-11-17 18:06:57 Z
p7_TZagxjyk,2021-11-12 04:52:39 Z
BbCoubwd4mw,2021-11-10 17:42:05 Z
eED4bSkYCB8,2021-11-09 17:23:12 Z
PGk0rnyTa1U,2021-11-07 07:13:38 Z
rdOg1kBRwrk,2021-11-07 04:37:59 Z
osUTMnDFV30,2021-11-01 06:35:22 Z
arr7YebhW_8,2021-10-29 06:55:18 Z
qsYE1wMEMPA,2021-10-29 05:44:50 Z
DYLeZrMf98Q,2021-10-28 07:06:52 Z
2v6-eznD_2o,2021-10-26 16:48:27 Z
v6C2z385GfQ,2021-10-26 01:33:39 Z
JIXuo4fclcw,2021-10-24 04:53:11 Z
4y_nmpv-9lI,2021-10-23 21:44:48 Z
uh-yRNqLpOg,2021-10-23 21:37:28 Z
aVwxzDHniEw,2021-10-23 21:30:36 Z
fJWnA4j0_ho,2021-10-23 21:19:37 Z
F3Qixy-r_rQ,2021-10-23 20:59:21 Z
SV1EEJMYvBg,2021-10-23 02:48:58 Z
vf5AMfIOqGw,2021-10-22 07:28:03 Z
7o_rwJwqkDc,2021-10-21 03:42:00 Z
Yfva6ETW8e8,2021-10-18 07:49:12 Z
R9zOKU9ERkw,2021-10-18 04:59:29 Z
Yj4ooTol1hs,2021-10-17 17:36:50 Z
LqbZpur38nw,2021-10-16 17:36:21 Z
 -RdOwhmqP5s,2021-10-16 17:34:03 Z
tNsZA6q8yH8,2021-10-10 19:50:47 Z
ueEOHk1UzrA,2021-10-08 17:41:17 Z
ckcdqlo3pYc,2021-10-07 17:05:49 Z
PKjbBQ0PBCQ,2021-10-07 05:35:03 Z
5uu0vKkChow,2021-10-04 05:03:39 Z
mYOI4kWjVBU,2021-09-28 06:15:06 Z
hjt-lI4n6B8,2021-09-21 18:08:47 Z
3sOAkdu3tRo,2021-09-15 03:12:00 Z
RcfkLXhCTeo,2021-09-14 05:35:07 Z
R84W2hbmaKk,2021-09-12 01:28:24 Z
rBr-0bHQfxc,2021-09-11 15:30:10 Z
FWzYAvVFEgs,2021-09-11 04:48:07 Z
nx2-4l4s4Nw,2021-09-10 15:11:20 Z
lADBHDg-JtA,2021-09-10 12:46:12 Z
qEV9qoup2mQ,2021-09-10 05:13:59 Z
g4vktLutpiY,2021-09-08 13:07:41 Z
_tpNuulTeSQ,2021-09-07 14:57:39 Z
bg6bOVShU-w,2021-09-07 11:48:01 Z
C91gKuxutTU,2021-09-06 07:07:30 Z
r4pNVbNX9V4,2021-09-05 08:58:00 Z
IoTv5sjom8k,2021-09-05 02:33:01 Z
TOYYwV33Ijo,2021-09-04 12:46:46 Z
1lxNtsxdcgg,2021-09-04 07:00:34 Z
50m2Q7wPUFg,2021-09-04 04:21:46 Z
xFlv4n0TABk,2021-09-03 14:55:00 Z
1lYa54Y4wOc,2021-09-03 10:41:00 Z
ZHNjlvEP-58,2021-09-02 15:13:32 Z
gjtTcyWL0NA,2021-09-02 04:47:09 Z
0NCjoUx-KLI,2021-08-31 12:53:58 Z
EIbAKoNCQXo,2021-08-30 14:43:40 Z
WDcsCTr0rKQ,2021-08-30 14:42:41 Z
odqgPRAC1Jg,2021-08-29 14:37:34 Z
lztln1fXWCc,2021-08-28 16:15:41 Z
pAV3yscDxmE,2021-08-27 07:53:38 Z
I_Jy-iTL0EY,2021-08-27 02:47:41 Z
I8OBfRyplyE,2021-08-26 12:51:01 Z
AGjxX4gvaqk,2021-08-26 12:21:21 Z
zl23ty45DnU,2021-08-23 12:19:45 Z
zN4SEuEyfC0,2021-08-22 06:26:08 Z
bcsb1xAv7XA,2021-08-21 08:30:37 Z
13zqeZdyQiM,2021-08-21 04:44:52 Z
ctTrCHmuZM4,2021-08-20 04:47:06 Z
oVzsVE60uqU,2021-08-17 16:26:28 Z
48sCx-wBs34,2021-08-17 15:25:59 Z
4j5f91qezKA,2021-08-16 13:42:55 Z
aBL8EnvkNho,2021-08-16 06:43:19 Z
bwGKqiOyIAM,2021-08-15 08:40:12 Z
gAYXFwBsKQ0,2021-08-14 14:57:58 Z
yHsxOlhwxhc,2021-08-13 14:38:26 Z
zsbA5KDChZw,2021-08-13 13:46:28 Z
YbCG6EJ7rvc,2021-08-12 14:58:34 Z
ie7hYxTrS8k,2021-08-09 09:51:45 Z
t7fGPE7M6MU,2021-08-09 04:55:18 Z
EHa8eW2CYbY,2021-08-06 15:41:00 Z
HQIDQKsMQq0,2021-08-05 05:41:21 Z
3MhwGnq4N9o,2021-08-03 12:04:28 Z
qTLR7FwXUU4,2021-08-02 14:03:03 Z
wvsE8jm1GzE,2021-08-02 11:32:52 Z
rIUj1zk2XkM,2021-08-01 16:20:31 Z
NEaUSP4YerM,2021-08-01 15:08:44 Z
p3Khnx0lUDE,2021-07-29 05:34:24 Z
fzfpExS_wic,2021-07-26 16:06:19 Z
XZ0VgOcRxyo,2021-07-22 13:54:04 Z
2H5ZufLGx6A,2021-07-10 15:19:32 Z
NLffKOOyxwI,2021-07-10 14:45:29 Z
2cT6ULpScZA,2021-07-10 02:19:58 Z
gfLZiWGIJdU,2021-07-09 15:02:51 Z
34JI28uj30Q,2021-07-08 04:21:39 Z
l0v646J9vVo,2021-07-05 00:00:19 Z
xaAh556nD7E,2021-07-02 12:44:22 Z
gaq9yrBGP10,2021-07-02 02:17:11 Z
hHXiuxSd6Hk,2021-07-01 02:53:00 Z
k8z0PbNzwHI,2021-06-30 16:38:06 Z
C3GKe7eXbPE,2021-06-30 14:59:22 Z
wPJJFBAA-cU,2021-06-30 04:52:20 Z
hrsxRJdwfM0,2021-06-29 01:56:36 Z
PCsiJ_fasDk,2021-06-26 16:25:07 Z
vc6aHpPGPYU,2021-06-26 10:53:01 Z
KmfdeWd0RMk,2021-06-26 10:52:26 Z
pfRtPfbxw_8,2021-06-26 01:16:52 Z
szGGTifHQUc,2021-06-25 15:03:45 Z
7OEF3JD-jYo,2021-06-25 14:53:19 Z
su4jXPNa7PA,2021-06-25 10:05:21 Z
g0sVR-LE39k,2021-06-25 09:58:25 Z
8eXj97stbG8,2021-06-23 04:36:26 Z
K07sEM6y4Uc,2021-06-22 02:28:12 Z
tCCRuUlJ_nA,2021-06-21 07:57:53 Z
WG8BRa-7oC8,2021-06-20 16:35:25 Z
Rwxkqno1PTc,2021-06-20 16:33:36 Z
GuwXht80iMg,2021-06-20 09:26:26 Z
bzw0WgIEfmY,2021-06-20 09:12:02 Z
jft49jbtbxU,2021-06-10 13:54:44 Z
TtuCQNJGR8w,2021-06-10 08:40:35 Z
34k3WXlGl5M,2021-06-10 08:06:16 Z
tjmzfOUOw08,2021-06-09 00:53:02 Z
29lXsOYBaow,2021-06-07 11:41:05 Z
lvgfpkgmU60,2021-06-06 14:53:38 Z
kBAsOkn_rNs,2021-06-06 01:59:51 Z
DayjwRDcs44,2021-06-02 13:49:28 Z
chpT0TzietQ,2021-05-31 07:05:58 Z
vTMEdHcKgM4,2021-05-30 08:15:42 Z
Kk2MH9O4pXY,2021-05-30 07:17:21 Z
Ux_rD8wAUWs,2021-05-28 15:23:41 Z
KOpyyjbrDYE,2021-05-28 08:30:48 Z
ypynV-o5ox8,2021-05-27 11:52:08 Z
Sm2MNZgAt7o,2021-05-25 15:55:18 Z
60klPiG7bZ4,2021-05-25 12:22:52 Z
68jQy-yjlcQ,2021-05-25 05:28:50 Z
Gn2WW77X4po,2021-05-24 05:43:19 Z
XZjoPsmIO80,2021-05-24 00:15:03 Z
_LTVfsIztA0,2021-05-23 04:47:26 Z
kw397ZIZcqA,2021-05-23 04:10:41 Z
HeQX2HjkcNo,2021-05-22 16:02:56 Z
OtwHJwP-juo,2021-05-20 02:01:55 Z
P2SshKK-Wzc,2021-05-19 00:47:44 Z
-8R77VRxcs4,2021-05-18 13:59:50 Z
cFGpaJ-hANE,2021-05-18 13:30:51 Z
YlU8L7e1Ptw,2021-05-18 05:38:56 Z
2tdiKTSdE9Y,2021-05-17 16:45:14 Z
EphH4hwkr2g,2021-05-17 15:51:09 Z
yDzAAjzbV5g,2021-05-17 14:07:00 Z
JLvkVDmhd68,2021-05-17 06:44:08 Z
x_hIh6x5Bw0,2021-05-16 14:11:49 Z
8QfXgQpjVGc,2021-05-16 12:16:05 Z
NeJ61_focWM,2021-05-16 02:00:10 Z
X3_NkyAWaGg,2021-05-13 07:27:38 Z
2uXS20iWve4,2021-05-13 05:00:03 Z
RBGW9J3sx1g,2021-05-13 03:51:14 Z
ml7bK1jg69I,2021-05-13 03:43:27 Z
wbfu39l0kxg,2021-05-13 03:00:04 Z
YV__C64Ni50,2021-05-13 02:59:59 Z
14WUuya94QE,2021-05-12 14:59:46 Z
QAwL0O5nXe0,2021-05-11 12:24:57 Z
8AlihXsl7Rs,2021-05-11 09:29:59 Z
3FxfXVuHRjM,2021-05-11 09:22:49 Z
O8l_awjgoMI,2021-05-08 07:33:44 Z
jlX_pThh7z8,2021-05-08 04:28:08 Z
sdkxWqsk17c,2021-05-07 13:55:41 Z
AwvS2jRb4sA,2021-05-07 06:36:34 Z
_3rFqUNFn5M,2021-05-07 04:56:23 Z
D0DDQumaaCg,2021-05-06 15:48:45 Z
tTMgkATyJfM,2021-05-06 09:07:47 Z
X2U0Dmx8EiE,2021-05-02 09:53:38 Z
RMWNvwLiXIQ,2021-04-30 14:09:27 Z
UfocABDDZP0,2021-04-30 07:51:17 Z
_ArVh3Cj9rw,2021-04-29 09:55:26 Z
tuso8m9QIQQ,2021-04-27 09:34:57 Z
joer2oBpsjs,2021-04-27 08:05:29 Z
SrDEtSlqJC4,2021-04-27 04:57:24 Z
rLnItIvlsWI,2021-04-26 15:47:08 Z
DfXoUaeLcDU,2021-04-26 15:36:49 Z
zsKmrVObbYc,2021-04-25 15:40:30 Z
aCJ6O8BRzVA,2021-04-25 07:28:41 Z
2eDtX-2XyYI,2021-04-24 15:42:30 Z
ECn2al0M98s,2021-04-20 14:57:33 Z
6YgKUZnUyak,2021-04-17 15:31:57 Z
WH9Rkd0cwv4,2021-04-17 15:03:09 Z
aS3-iSEwNhs,2021-04-17 10:40:37 Z
_KRb_qV9P4g,2021-04-17 10:18:45 Z
DUjwskDys-8,2021-04-17 07:56:19 Z
cHTMidTLO60,2021-04-16 12:45:15 Z
8mrNEVUuZdk,2021-04-13 11:21:51 Z
dK_-9L2exT0,2021-04-12 23:12:48 Z
ircU8-Ww0zk,2021-04-11 10:51:31 Z
0bmqRgfovw0,2021-04-10 16:14:05 Z
BjsLZ_qpFaA,2021-04-10 16:13:06 Z
23RpZqv-wuw,2021-04-10 09:33:55 Z
zrrs9LGIfyQ,2021-04-10 08:53:07 Z
tqsy9Wtr1qE,2021-04-10 08:22:33 Z
YjQny9AC7Rg,2021-04-08 10:50:22 Z
PhNFaSnYhy4,2021-04-08 08:25:21 Z
H0YxqSZDsPM,2021-04-08 07:33:41 Z
MhFO4LJdwx0,2021-04-06 11:23:25 Z
VASwKZAUVSo,2021-04-06 11:11:48 Z
rSoRcREtUVw,2021-04-05 13:19:40 Z
haHO1pRp8a8,2021-04-04 02:31:01 Z
ly4S0oi3Yz8,2021-04-03 10:11:04 Z
p_di4Zn4wz4,2021-04-03 10:00:25 Z
ZHa_f6_yPqs,2021-04-03 05:04:14 Z
O85OWBJ2ayo,2021-04-03 04:15:44 Z
dJwjqZZgcWk,2021-04-01 15:20:23 Z
A71rBlN8pag,2021-03-31 09:20:27 Z
07YVqNyrWmQ,2021-03-30 14:52:10 Z
 -VjbYI-eaTQ,2021-03-30 11:33:17 Z
sY_KZhRyrbY,2021-03-29 09:03:27 Z
goePYJ74Ydg,2021-03-28 01:50:45 Z
pUF5esTscZI,2021-03-27 05:14:27 Z
PfYp18pKMQ0,2021-03-27 00:51:15 Z
Bo6lB436_6g,2021-03-26 16:10:33 Z
2_Ezbjn5Rpw,2021-03-26 16:09:16 Z
X-iSQQgOd1A,2021-03-25 15:10:24 Z
DHGKqTPQq6U,2021-03-23 10:08:40 Z
TAU_6huLGQ8,2021-03-21 15:37:25 Z
G77ev9pks4I,2021-03-20 07:21:28 Z
q40eVkaekWk,2021-03-19 15:25:20 Z
gMlf1ELvRzc,2021-03-19 13:17:54 Z
vMp2twpz_u8,2021-03-19 11:24:20 Z
MnX0-TayVjk,2021-03-17 08:40:25 Z
phqWpgA3u9w,2021-03-16 14:13:21 Z
LSAK1ntjFu4,2021-03-15 15:58:41 Z
CsCS5BOjdgk,2021-03-15 07:58:52 Z
s-vt94T2Nxk,2021-03-15 07:53:17 Z
MVGB2jy5hJ8,2021-03-14 09:30:58 Z
gGD5Y8rIm4o,2021-03-13 16:24:22 Z
INBodMcMYBM,2021-03-13 15:30:33 Z
3DhNjtLivdg,2021-03-13 11:07:25 Z
rcesuVmgqYI,2021-03-13 04:03:39 Z
lmgCgzjlWO4,2021-03-11 02:23:28 Z
T8wEW5WeMxg,2021-03-11 01:54:49 Z
c7ZMXAqqnww,2021-03-08 16:02:09 Z
soZyb6lMx4c,2021-03-07 08:28:59 Z
bIhaItLnSR0,2021-03-06 15:48:02 Z
vH-D6GdkyCw,2021-03-06 07:09:43 Z
V7J9aMy_CFk,2021-03-06 02:20:38 Z
a3A8sVxdOdY,2021-03-05 15:15:08 Z
M8yBR-hnI6g,2021-03-05 12:41:47 Z
Yrn8YFOEdX4,2021-03-05 11:26:28 Z
 -sPbcTcUmcI,2021-03-05 11:11:14 Z
SoG9AoxgIQE,2021-03-04 13:18:22 Z
UIp5F5WVS_8,2021-03-03 16:15:57 Z
 -MYw9LcLCb4,2021-03-03 13:48:23 Z
cWpFZbjtSQg,2021-03-03 09:49:48 Z
 --GB9qyZJqg,2021-03-03 08:50:42 Z
lctXaT9pxA0,2021-03-02 16:27:06 Z
VgyMbLHmTdw,2021-03-01 23:37:27 Z
KPdB9R_IIlg,2021-03-01 15:27:19 Z
vawDSqxR6cI,2021-03-01 10:47:35 Z
UbDDrT_lmmg,2021-02-28 23:05:04 Z
jUTdeKJ4r-M,2021-02-27 12:21:51 Z
KF6TC93g_LU,2021-02-27 10:58:26 Z
pp06oGD4m00,2021-02-27 10:32:52 Z
7n7wwfJw2dA,2021-02-27 01:46:38 Z
9aUsTlBjspE,2021-02-26 11:43:55 Z
HZigkcTxRo0,2021-02-25 10:41:18 Z
qHyqDH6X_QA,2021-02-24 23:55:29 Z
a_-ZomZ8bi8,2021-02-24 16:23:27 Z
DuDX6wNfjqc,2021-02-24 12:01:15 Z
P7sYuRAiAbg,2021-02-23 09:28:15 Z
mSt1m4NFUl8,2021-02-22 12:42:18 Z
vYmhb7yQuRg,2021-02-21 03:55:07 Z
pDAxouR7djQ,2021-02-20 15:38:13 Z
IGjYvJmB8dc,2021-02-20 02:59:47 Z
Rw0b4EXgtvs,2021-02-19 05:22:57 Z
eG8XKamuP4Y,2021-02-19 05:16:53 Z
1RDyTemoCT8,2021-02-19 05:15:37 Z
jm8ax0QdP-E,2021-02-18 14:48:52 Z
Z4oy6mnkyW4,2021-02-18 07:52:29 Z
kmblAR1V_Fo,2021-02-16 12:03:43 Z
fBQUFbdAqg8,2021-02-16 04:23:24 Z
L-x8DYTOv7w,2021-02-15 16:05:12 Z
4O0_-1NaWnY,2021-02-15 08:05:27 Z
lf0MkEowQ1w,2021-02-15 07:09:40 Z
Ws6qmXDJgwU,2021-02-14 04:27:31 Z
9n7xLAOk8uU,2021-02-14 02:39:39 Z
6owucn6yQ0k,2021-02-12 11:08:35 Z
0XY5f8pqUoc,2021-02-12 08:56:47 Z
e0OEmrHzJjk,2021-02-10 09:38:07 Z
EhoI_Aq5SIg,2021-02-09 16:20:59 Z
QRaACa1Mrd4,2021-02-09 01:31:33 Z
8Ko3TdPy0TU,2021-02-07 09:37:59 Z
p4ejlyJWoN4,2021-02-07 01:11:58 Z
gF1C9q5-RUA,2021-02-06 10:02:39 Z
NpB4ca-7JEE,2021-02-06 03:09:40 Z
TJWAxMfFAOg,2021-02-04 13:38:03 Z
pgVOMD0XRjQ,2021-02-04 09:40:18 Z
-7cpDVjhc7c,2021-02-03 23:09:58 Z
_OYXG8dKmcI,2021-02-01 16:33:14 Z
NUyXiiIGDTo,2021-02-01 16:22:21 Z
gUWz6-ypQM0,2021-02-01 14:43:54 Z
cLHnmgtaCiw,2021-02-01 11:26:00 Z
JgvxSfJKbQc,2021-01-31 16:26:02 Z
eab1onZWj6k,2021-01-30 02:34:36 Z
YMDJA4UvXLA,2021-01-29 12:00:29 Z
qPMyJ5_1ASc,2021-01-28 13:17:53 Z
yp8nldUAe90,2021-01-27 15:31:13 Z
LcLi8W0Ysmc,2021-01-26 14:21:20 Z
2AMSHs2adWk,2021-01-26 08:39:59 Z
TuEXXtXeYmc,2021-01-25 08:54:04 Z
JkIcZxal3Fg,2021-01-25 08:51:26 Z
rfpggQ8h8xg,2021-01-24 15:08:35 Z
N0e5_aaD3NM,2021-01-24 08:53:42 Z
x5eSZevcyNg,2021-01-24 05:08:49 Z
zNTaVTMoNTk,2021-01-23 07:21:04 Z
LOjan5nThCA,2021-01-23 00:48:39 Z
UzarelNxt7I,2021-01-17 16:24:44 Z
mdyWW9XrdQQ,2021-01-17 10:58:55 Z
8VJinK8roso,2021-01-17 10:03:08 Z
XGo4PJd1lng,2021-01-16 10:17:42 Z
EzlCOg-37hI,2021-01-16 08:38:20 Z
9oK6MBYGpb8,2021-01-16 03:22:21 Z
tGFFkMuVfjw,2021-01-15 16:17:56 Z
aL8zc9LMbg4,2021-01-15 13:28:13 Z
SiDPRYwvvxM,2021-01-15 13:10:56 Z
V2S0Nce-AUg,2021-01-13 16:51:35 Z
OLs6Oyc49fQ,2021-01-12 23:32:05 Z
Wcrd-0mcdq8,2021-01-09 09:12:50 Z
xiYZ__Ww02c,2021-01-09 06:54:57 Z
zHL9GP_B30E,2021-01-09 02:19:05 Z
sW9npZVpiMI,2021-01-09 01:45:40 Z
NxOfWhnmJDc,2021-01-09 01:40:12 Z
YSgOfBC0crg,2021-01-06 15:26:11 Z
j1zMA_vlHVw,2021-01-04 13:32:13 Z
iyzMSevpT2I,2021-01-03 06:32:54 Z
IpCxd3hftvQ,2021-01-03 02:19:46 Z
AZMYtiABbUY,2021-01-03 02:18:01 Z
CP0pR1M0-vo,2021-01-02 07:55:20 Z
ZLB-JTUpk2U,2021-01-02 07:04:43 Z
f8TlTaTHgzo,2021-01-01 16:24:29 Z
utlw6eRU20E,2021-01-01 12:22:22 Z
7gRoLJjX55w,2021-01-01 05:43:24 Z
uxB1NCBy9NM,2021-01-01 03:18:53 Z
OV5J6BfToSw,2020-12-30 08:03:02 Z
RHKGWLml_mg,2020-12-29 12:16:49 Z
JjiF83wXCbk,2020-12-29 12:06:09 Z
NtN7_9n07Qw,2020-12-27 06:04:41 Z
5ydyWb50zgA,2020-12-27 04:51:48 Z
ypfW6leGJEc,2020-12-27 04:26:06 Z
e-jdO-oGDoI,2020-12-27 02:45:35 Z
ybJoJsLxuD8,2020-12-26 13:08:50 Z
8bNIkfRJZpo,2020-12-26 12:00:19 Z
bVQUSndDllU,2020-12-26 11:59:42 Z
QumGeK_vppc,2020-12-26 05:08:44 Z
_zIgNSMEvzc,2020-12-26 01:49:33 Z
93Bab7S3hjA,2020-12-25 11:42:57 Z
g8puWbG2hH4,2020-12-24 11:10:30 Z
fj9MziO1rmQ,2020-12-24 10:45:07 Z
4vb98s41__Y,2020-12-24 10:11:06 Z
3zqcSWHEPcU,2020-12-24 04:27:41 Z
TvlpIojusBE,2020-12-24 03:39:17 Z
11TrDr6fV3Y,2020-12-22 11:19:27 Z
OoF2uGZasAs,2020-12-22 02:23:39 Z
mUF4afxMpQk,2020-12-22 02:07:47 Z
6ZhlMOEqZ04,2020-12-19 14:36:41 Z
I9rRp7qwMKI,2020-12-15 10:12:39 Z
KMOeC-Qqen8,2020-12-14 23:01:53 Z
EuTml4HNC1I,2020-12-12 09:21:50 Z
oWZsX47V9t4,2020-12-12 09:21:20 Z
m0PHMnHwT_s,2020-12-12 08:00:51 Z
CO1HYLGc3W0,2020-12-11 15:24:54 Z
mvQ62EdP-mc,2020-12-11 10:44:46 Z
vOIPpVxXzlA,2020-12-09 11:44:23 Z
h7apO7q16V0,2020-12-08 09:29:01 Z
2eArjf9OzZE,2020-12-07 09:14:31 Z
t9N9S4loyu8,2020-12-07 08:51:34 Z
_8hCjO-cyqE,2020-12-06 10:12:01 Z
 -nQKkge--t4,2020-12-05 09:32:08 Z
jrOpYXK677Q,2020-12-05 04:38:35 Z
UrBzppVWR48,2020-12-02 23:17:37 Z
3s2qAFfpJf4,2020-12-01 09:43:36 Z
sFLyzlI5BQ4,2020-12-01 09:10:53 Z
3gjJDuCAEQQ,2020-11-29 14:43:36 Z
NK6CttnVq54,2020-11-29 01:45:53 Z
FbqOY_H-itI,2020-11-28 04:06:31 Z
hDkuUZ3F1GU,2020-11-27 11:56:59 Z
d9SAeJ-r82A,2020-11-24 16:41:20 Z
OFRjZtYs3wY,2020-11-23 16:15:48 Z
Xh2LVy7B5q0,2020-11-23 15:38:09 Z
72EL78oAr00,2020-11-23 11:15:40 Z
a4XAzr6ZQBQ,2020-11-19 23:23:45 Z
0KFZcwZCOKc,2020-11-18 15:37:10 Z
el1ZhkN85Mc,2020-11-17 23:03:56 Z
0ViO0ETvfEc,2020-11-15 10:36:49 Z
VmLMMNhxZMU,2020-11-15 09:33:12 Z
YZrErQfqVjE,2020-11-15 05:17:45 Z
o6gbvWqZXTo,2020-11-15 05:13:35 Z
etx0k1nLn78,2020-11-15 03:57:31 Z
aokNwKx7gM8,2020-11-15 03:37:19 Z
vbDObzI-CTc,2020-11-12 09:05:05 Z
6QG0aPK2mDU,2020-11-12 08:52:05 Z
3gQbt0h5UQk,2020-11-09 12:23:26 Z
CameSDK-2m8,2020-11-08 12:45:07 Z
K3v5wFMQRqs,2020-11-08 08:13:29 Z
zhWWcWtAUoY,2020-11-08 07:10:08 Z
0Juq2xF32lo,2020-11-07 11:49:04 Z
wrwgIjBUYVc,2020-11-07 05:07:49 Z
am_louE-yd0,2020-11-05 09:52:00 Z
cNOwUGgwrXw,2020-11-05 02:14:33 Z
aYIbC25GNKs,2020-11-03 10:18:33 Z
foFKXS6Nyho,2020-11-02 23:17:15 Z
UsVWkAq1s0U,2020-11-02 23:17:04 Z
LACbVhgtx9I,2020-11-02 23:10:37 Z
QL3H7CUJMDU,2020-11-02 23:01:43 Z
pTn6Ewhb27k,2020-10-31 16:16:28 Z
mhVR-5UUFGQ,2020-10-31 10:31:27 Z
pQW_S0Y16us,2020-10-30 15:02:15 Z
4b9PYIxmcNc,2020-10-28 11:00:01 Z
9r3tlQaVqPA,2020-10-28 09:00:01 Z
_q4DrUHKC0Q,2020-10-26 23:08:11 Z
SumPoZNS6K4,2020-10-25 15:24:03 Z
QL8xhauFu2c,2020-10-25 09:42:13 Z
BKorP55Aqvg,2020-10-25 03:28:23 Z
fHjbDSOmeiM,2020-10-24 15:41:14 Z
ZtP1y-mThks,2020-10-22 14:43:13 Z
N1AL2EMvVy0,2020-10-19 15:43:05 Z
csF7tDakph0,2020-10-19 10:49:42 Z
skgcruZichc,2020-10-18 23:20:44 Z
33ddRK_jG6E,2020-10-18 07:57:05 Z
l3TvORNCMfw,2020-10-18 02:06:11 Z
2lgWcGIoSVA,2020-10-17 13:30:38 Z
JauII1jCG6Q,2020-10-17 01:36:43 Z
3esQVND-_c4,2020-10-15 10:42:10 Z
1ibvBCOjN8A,2020-10-15 02:44:39 Z
B1ZvHrgOM8s,2020-10-15 02:28:23 Z
fNVa1qMbF9Y,2020-10-13 10:53:40 Z
xbWpISOIipg,2020-10-13 09:21:54 Z
7m9-UCuOfSE,2020-10-13 09:21:46 Z
BkXLiKCMfOg,2020-10-13 04:29:18 Z
tCk9cqVhMZ8,2020-10-12 09:01:59 Z
xI_lxFv203I,2020-10-11 10:13:15 Z
e-uP7w9ZEkA,2020-10-11 04:19:55 Z
XOIZZEdfrfA,2020-10-11 01:42:04 Z
eWOIx0Kgd04,2020-10-10 15:10:41 Z
vlH1yeiAgQo,2020-10-10 14:41:52 Z
VkT0it4rt1o,2020-10-10 12:15:29 Z
UtI7B3EWylE,2020-10-10 11:39:31 Z
SUelbSa-OkA,2020-10-09 06:55:20 Z
ThDYazipjSI,2020-10-09 06:50:56 Z
Z3RzNEzJyzo,2020-10-09 06:16:22 Z
I_Wg8YlHsVY,2020-10-08 16:03:40 Z
eDW44A_noK8,2020-10-08 14:33:32 Z
ADQ68OTNCu4,2020-10-08 11:42:03 Z
QT4zHGJ0-18,2020-10-08 11:31:43 Z
x4z7yLY_MxE,2020-10-08 02:40:36 Z
Dql14a--oQw,2020-10-07 03:15:24 Z
cC8KT07m5aY,2020-10-05 16:07:25 Z
ZXFmZsv0Ddw,2020-10-05 13:21:28 Z
aS2wyzRG1HY,2020-10-04 23:23:51 Z
dqFCrSTrEM4,2020-10-04 06:14:31 Z
uHQ4WCU1WQc,2020-10-04 03:20:19 Z
QPTm6VnWI40,2020-10-03 09:14:25 Z
8T3cxSySI2Q,2020-10-03 09:08:37 Z
_-MOD5bqO4g,2020-10-02 04:30:57 Z
dDYFiq1l5Dg,2020-09-30 16:07:46 Z
Z-jdpFqA044,2020-09-30 13:08:33 Z
v-8t0EfLzQo,2020-09-29 11:21:17 Z
qLX3N8HquCU,2020-09-29 10:19:16 Z
DkusvvPxA-0,2020-09-28 23:07:17 Z
KXJSjte_OAI,2020-09-28 15:57:46 Z
ixhVvRMAXB4,2020-09-27 03:05:21 Z
_VBO2WRpBrQ,2020-09-26 16:10:39 Z
KOiN0Lncgv8,2020-09-26 11:38:17 Z
MC6xjO1JoR8,2020-09-26 06:18:54 Z
D0fsCXflDCE,2020-09-25 17:33:01 Z
46ehrFk-gLk,2020-09-24 13:55:58 Z
EKPSoR2GIVw,2020-09-24 08:35:31 Z
8zra_fMjxzw,2020-09-23 10:52:59 Z
BNlyZSvsNjw,2020-09-22 09:09:48 Z
CVxAlmAPHec,2020-09-22 01:32:58 Z
HE_GPQikzEc,2020-09-21 11:02:12 Z
hIdhv0zOXtQ,2020-09-21 09:34:04 Z
slrHpGlxHQA,2020-09-20 16:04:26 Z
yY9CEAfE-xs,2020-09-20 13:26:57 Z
bQtmm_lpUKI,2020-09-19 12:47:08 Z
y7wC7Y4ZUW0,2020-09-19 11:21:31 Z
1nTSJoxTgos,2020-09-19 02:35:11 Z
V3Nb-CjIZYQ,2020-09-19 02:25:03 Z
aTkq8H4xwPA,2020-09-19 02:21:18 Z
MazA1SlpwTY,2020-09-19 02:11:14 Z
0ly61HpQ3mU,2020-09-19 01:59:23 Z
2vaVH0SJa3s,2020-09-17 14:19:32 Z
YISc5E5UJb4,2020-09-17 08:57:13 Z
JhCr12Q69eA,2020-09-16 16:14:19 Z
6Ttr_TuFBn4,2020-09-16 11:39:40 Z
NnlDQ89AI90,2020-09-16 11:27:34 Z
MOwxmcObLO0,2020-09-16 11:22:04 Z
SHiydIkmsjI,2020-09-15 15:37:30 Z
ys0zXG_sZ4Y,2020-09-12 14:48:29 Z
bERHoak63FA,2020-09-12 14:03:13 Z
c8odznnCRdo,2020-09-12 02:45:29 Z
cCdpjHJ_h5I,2020-09-12 02:04:26 Z
0fB2cQFp008,2020-09-11 07:04:45 Z
kUPJ5dmM9H0,2020-09-11 03:05:47 Z
Y47t9qLc9I4,2020-09-10 11:22:05 Z
Kr3quGh7pJA,2020-09-09 12:17:32 Z
YYLzss58CLs,2020-09-06 11:32:01 Z
7BCojznmtRE,2020-09-05 09:49:23 Z
b3NxrZOu_CE,2020-09-05 02:12:35 Z
X8jsijhllIA,2020-09-05 02:06:16 Z
b-IEVMwBEfo,2020-09-04 12:52:43 Z
kIE2JZTwv_k,2020-09-03 10:01:18 Z
vCxz2lSeer4,2020-09-03 09:59:51 Z
n0RTmuKtN7k,2020-09-01 23:12:23 Z
pXWRYpdYc7Q,2020-09-01 15:59:34 Z
MfAiB2ZoRhM,2020-08-31 10:53:50 Z
vXuUPcfloQs,2020-08-30 14:22:36 Z
tylNqtyj0gs,2020-08-29 10:37:47 Z
SpeSpA3e56A,2020-08-29 01:30:31 Z
c72UIIYMWs8,2020-08-28 15:23:00 Z
-1AUMhoZTYg,2020-08-28 14:54:01 Z
RDsRFpVp0kk,2020-08-27 23:10:43 Z
Y_6p9ABY9pg,2020-08-26 09:03:22 Z
5OtKEetGy2Y,2020-08-24 14:12:03 Z
tH3Hjvwapeo,2020-08-23 10:51:05 Z
e1xCU9ydG-A,2020-08-23 09:28:52 Z
Qf03U04rqGQ,2020-08-22 04:34:39 Z
wRjHL8kbkZk,2020-08-21 16:25:04 Z
r-SZ_e5GWMc,2020-08-21 15:47:34 Z
VbFnvTiHLw8,2020-08-21 15:37:30 Z
fQFVby3If5U,2020-08-21 14:01:15 Z
ZfFvLJyPf3o,2020-08-17 09:34:10 Z
x4HHB5udTxo,2020-08-15 10:44:06 Z
pe83T9hISoY,2020-08-15 09:04:19 Z
pvimAM_SLic,2020-08-15 01:23:14 Z
4GhxqesPm7o,2020-08-15 01:00:56 Z
WtBTqGzErn8,2020-08-14 02:22:12 Z
78XmdrTBgXM,2020-08-13 02:28:21 Z
rkHdGPqMMwM,2020-08-13 02:16:39 Z
hd2uvPjMRy4,2020-08-12 14:06:30 Z
mL1tE664dPk,2020-08-12 14:02:42 Z
mrhL1LMbS_Y,2020-08-12 13:22:26 Z
lX056ZfVExw,2020-08-12 13:05:12 Z
Z3MKbdKJpBA,2020-08-12 13:03:46 Z
OQnZl8TJo0A,2020-08-12 11:40:57 Z
DSMCZZGbZo4,2020-08-12 11:37:27 Z
PCeMCwxayp0,2020-08-12 03:02:51 Z
ut1hZKeYkZU,2020-08-11 20:18:01 Z
QxrDNRhYFyI,2020-08-11 05:31:18 Z
pg6RVbqhfK4,2020-08-11 02:27:17 Z
YzY36gm0ME0,2020-08-10 09:21:02 Z
-5Wv3ih-0LM,2020-08-09 15:57:14 Z
GsyhGHUEt-k,2020-08-09 10:53:58 Z
lahpnRVxkU8,2020-08-07 10:35:23 Z
AGnMNor_r-Y,2020-08-07 10:23:54 Z
ExwqNreocpg,2020-08-06 09:09:49 Z
gofeQzC7Tf8,2020-08-05 05:46:33 Z
lF0rKcLEqI0,2020-08-05 02:33:27 Z
qDXPiu3wpBs,2020-08-04 19:45:36 Z
LKJBND_IRdI,2020-08-04 05:09:20 Z
_hjRvZYkAgA,2020-08-03 11:46:34 Z
fiTodRpfX8s,2020-08-01 10:03:00 Z
V-Y_zJJAFAc,2020-07-31 01:25:05 Z
N-z9PidYH4E,2020-07-28 13:33:46 Z
QaoFh1DH51U,2020-07-25 16:23:13 Z
YfvTjQ9MCwY,2020-07-25 13:58:04 Z
8jeLCQ62vFk,2020-07-25 12:34:23 Z
bxgg_kW3QLU,2020-07-23 10:59:38 Z
vB_raz7j44E,2020-07-22 20:24:23 Z
3teYnep1oHA,2020-07-19 16:17:57 Z
f3quWw5XWbU,2020-07-19 13:30:01 Z
0Pqcwj4zI0k,2020-07-19 13:26:17 Z
 -eVd2Ugk9BU,2020-07-19 06:49:39 Z
pm6qy_9E0rY,2020-07-18 04:37:50 Z
6_pru8U2RmM,2020-07-16 11:14:15 Z
OFWCbGzxofU,2020-07-16 04:43:57 Z
EaPgzh32byk,2020-07-16 02:40:41 Z
8YUWDrLazCg,2020-07-14 03:05:07 Z
p7YJGdE-0_Y,2020-07-13 11:11:26 Z
JWDqKEh8SkM,2020-07-11 16:47:56 Z
ebceZ4B9Rmo,2020-07-11 03:02:55 Z
elizAugXVcI,2020-07-09 05:17:05 Z
BBK5POeUVUc,2020-07-08 03:28:49 Z
j3T_imAj6uI,2020-07-08 02:40:06 Z
oY8tz1paj6o,2020-07-07 11:52:49 Z
yHvScIl1XGk,2020-07-07 05:22:21 Z
bWfQgLU5wb4,2020-07-06 10:23:15 Z
JJwbcpL8FIo,2020-07-02 11:33:17 Z
8IB7JcKJEeI,2020-07-02 02:20:38 Z
F1uT_oT5aow,2020-07-01 16:22:45 Z
zQo_S3yNa2w,2020-07-01 11:13:24 Z
LmbGbRuN-AE,2020-06-30 12:35:42 Z
E5HRvQNg4pQ,2020-06-30 02:09:55 Z
3xcGCTZZN78,2020-06-29 08:17:30 Z
Q2aaCDNjWEg,2020-06-26 16:23:26 Z
WdQK5yhcE3U,2020-06-23 09:32:47 Z
V5u9JSnAAU4,2020-06-22 16:00:58 Z
 -WfEChA-USU,2020-06-22 02:32:18 Z
ZPkNVGFKZLU,2020-06-20 01:35:06 Z
LJ5vBS_S7Hg,2020-06-18 15:33:29 Z
TcfZCCm4eIo,2020-06-18 15:05:05 Z
hQ3GW7lVBWY,2020-06-18 13:04:11 Z
I2G6S33w7As,2020-06-17 04:02:47 Z
cdMhHtRJmgc,2020-06-17 01:58:52 Z
qcgEgefdDp8,2020-06-15 10:52:40 Z
ejjcCSwbof4,2020-06-10 04:37:31 Z
4ehDRCE1Z38,2020-06-08 10:06:31 Z
pW3-Js-UKNM,2020-06-06 11:01:08 Z
KPQcy0dylrM,2020-06-05 03:59:26 Z
DvrkHAWj1Sk,2020-06-05 03:40:58 Z
hBP-NzOadL0,2020-06-04 11:01:47 Z
A_BlNA7bBxo,2020-06-04 10:20:02 Z
PKABFtXUaRY,2020-06-03 14:14:52 Z
4PDoT7jtxmw,2020-06-03 08:51:28 Z
T0fAznO1wA8,2020-06-03 00:19:13 Z
1hL-3MRle7o,2020-06-02 14:52:40 Z
rbGAva-U3HE,2020-06-01 01:22:55 Z
loVRVRbdMKg,2020-05-28 15:36:12 Z
cEERvzBbuwM,2020-05-26 09:07:43 Z
qu4zyRqILYM,2020-05-26 01:01:32 Z
OClNd0J3eiQ,2020-05-25 09:38:21 Z
elQVZLLiod4,2020-05-24 10:36:35 Z
X83vac2uTUs,2020-05-24 10:17:36 Z
L_8-dWSLDWI,2020-05-24 06:30:52 Z
Vsb0g1XUpCQ,2020-05-23 15:00:08 Z
BpDQsoVdFcQ,2020-05-23 04:44:15 Z
qrnzC8RvXAM,2020-05-22 17:02:58 Z
MJcRy2Q6nYU,2020-05-22 01:34:33 Z
dwexkS4Djb8,2020-05-21 15:56:43 Z
F-Dusv4FHFU,2020-05-21 04:39:41 Z
NtX-Ibi21tU,2020-05-21 04:01:18 Z
T2OXdhmAM94,2020-05-20 02:09:26 Z
GkdeKNFOrd0,2020-05-19 08:47:18 Z
MgmHetWIfPc,2020-05-18 03:24:10 Z
dOkFXPblLpU,2020-05-17 08:42:37 Z
UThPS_UijHo,2020-05-16 01:22:54 Z
jCYoCa3--Sk,2020-05-13 16:29:18 Z
navpQnqhwvg,2020-05-13 16:04:18 Z
XyRUWM_LOPQ,2020-05-13 15:54:56 Z
IquufaqHoGc,2020-05-11 05:20:37 Z
kIAo_hlMLSo,2020-05-11 03:23:57 Z
ttFMZnk7NvI,2020-05-10 14:17:48 Z
xwLcB1QEPm4,2020-05-10 07:25:17 Z
RqCU31q_7Qg,2020-05-09 16:37:50 Z
bVMna_zSGio,2020-05-09 05:01:43 Z
Lec4LSCDMGA,2020-05-09 02:02:34 Z
NwFvlwe7HPo,2020-05-08 14:10:55 Z
Xi28pEbMdTw,2020-05-08 11:12:14 Z
iaPbUvPOkD8,2020-05-08 09:16:19 Z
J3MAv5LuMfU,2020-05-08 09:15:54 Z
H6ZQcgVT5-g,2020-05-08 08:41:28 Z
E8VZcAuSoVg,2020-05-07 14:32:13 Z
ejWfGFvzpKg,2020-05-06 11:23:06 Z
7rl4c-jr7g0,2020-05-05 14:53:26 Z
6AkClqxcLcg,2020-05-05 11:14:26 Z
ewLpXw6uN28,2020-05-05 06:05:10 Z
1NXt0I8Z3do,2020-05-04 05:34:53 Z
snAhsXyO3Ck,2020-05-04 04:13:39 Z
JWpJjsou99c,2020-05-02 12:05:55 Z
O-3Mlj3MQ_Q,2020-05-02 11:52:12 Z
SsNXg6KpLSU,2020-05-01 12:16:18 Z
yYdYrAKghF4,2020-05-01 12:13:46 Z
ofWji_wQBEE,2020-05-01 12:07:04 Z
pOo2hOwVZio,2020-05-01 01:24:20 Z
O1PuQ3BdC4w,2020-04-29 08:45:32 Z
SYeeTvitvFU,2020-04-28 07:27:51 Z
S-3wEC6Fj_8,2020-04-27 08:29:37 Z
le5uGqHKll8,2020-04-27 03:58:19 Z
2jkf31w7fwU,2020-04-27 00:57:35 Z
2p5E7iXxeQE,2020-04-26 11:29:57 Z
nO-tljwT3tc,2020-04-25 01:59:54 Z
FfMeHzVtnfs,2020-04-25 01:44:45 Z
BkvJd_3thg4,2020-04-24 16:12:41 Z
TtzypSUY5Bc,2020-04-23 07:02:15 Z
dRFbwjwQ4VE,2020-04-22 15:30:40 Z
pWivGcHdla0,2020-04-20 04:33:31 Z
Jv33S11Dehg,2020-04-19 15:31:00 Z
3viekW3AnRA,2020-04-19 14:30:28 Z
bW4EHYNiFA0,2020-04-19 12:32:05 Z
34detVy-Hiw,2020-04-19 06:06:43 Z
s_L-fp8gDzY,2020-04-18 16:13:56 Z
zwMipZwRz5c,2020-04-18 06:33:29 Z
dnZBOwMHte4,2020-04-17 14:07:34 Z
fjct7HNXbxM,2020-04-15 15:42:38 Z
YOy_JkmGX6s,2020-04-15 14:48:16 Z
aIoVVoGljlc,2020-04-15 14:26:32 Z
jQOZrXZTXcw,2020-04-14 04:29:58 Z
6s4Bx7mzNkM,2020-04-13 13:32:12 Z
RitsrxUAMWg,2020-04-12 03:57:49 Z
DgGs-NAFZ5c,2020-04-12 01:43:00 Z
J7zG3LHNReU,2020-04-10 16:18:23 Z
kUsxMXwCW8A,2020-04-10 15:45:58 Z
uBOkbNQ3udE,2020-04-09 03:22:40 Z
0TkvG9Dnxh4,2020-04-09 03:20:03 Z
geMgArt2bcA,2020-04-09 01:37:51 Z
rJGifTou5FE,2020-04-07 07:53:11 Z
c8W-auqg024,2020-04-07 07:46:24 Z
BxV14h0kFs0,2020-04-07 07:27:08 Z
UnSILVWDKL8,2020-04-06 13:26:38 Z
 -NJIyiTe4sU,2020-04-06 02:20:47 Z
2Dx76lD8Scc,2020-04-05 15:58:36 Z
daeB46Z4fjs,2020-04-05 01:32:31 Z
G6iqAip-ZNo,2020-04-04 02:14:49 Z
0qy-2uPRzK8,2020-04-03 13:49:32 Z
OSpON_dBT10,2020-04-02 07:46:24 Z
YOvOjkJUQS8,2020-04-02 06:55:14 Z
BnzN3zDKFEI,2020-04-01 14:49:25 Z
paA7ek43ACc,2020-03-31 09:57:52 Z
HUti6vGctQM,2020-03-31 08:48:55 Z
S1g5mxgvReQ,2020-03-31 04:28:48 Z
_u7h22SAkyc,2020-03-31 04:07:53 Z
ZYqG31V4qtA,2020-03-31 02:48:30 Z
OjjRZ2KbFTo,2020-03-31 01:52:40 Z
h9j89L8eQQk,2020-03-30 16:20:42 Z
wD79NZroV88,2020-03-30 16:15:39 Z
ElIf2DBrWzU,2020-03-30 13:33:19 Z
xNKJOPx-ATI,2020-03-30 05:23:05 Z
FfoolWoDBsU,2020-03-28 16:09:06 Z
5XupgwBIBCw,2020-03-28 15:32:22 Z
qrb-Lxf52OA,2020-03-28 06:46:20 Z
54XLXg4fYsc,2020-03-28 02:55:08 Z
oqbyogMSs18,2020-03-27 12:32:50 Z
6GtYfDasdu4,2020-03-27 02:03:36 Z
VWrhRBb-1Ig,2020-03-25 02:12:41 Z
1ODVdZ3V7w0,2020-03-25 01:40:28 Z
6xsQwTgwcFM,2020-03-24 16:06:27 Z
UN8bJb8biZU,2020-03-24 11:12:04 Z
rD1zPA4uBh4,2020-03-24 05:02:18 Z
1Jwo5qc78QU,2020-03-24 01:41:14 Z
ix-ym3c736o,2020-03-23 13:54:22 Z
XEVlyP4_11M,2020-03-23 13:22:00 Z
OaO3M-zZR8E,2020-03-23 07:41:17 Z
wA-6ZcZxIGU,2020-03-23 03:24:34 Z
7Nn7NZI_LN4,2020-03-22 11:06:45 Z
1GnbVH09BcM,2020-03-22 05:36:14 Z
Ll-nbQ9BxxY,2020-03-19 15:04:12 Z
rSnCu43QzeY,2020-03-18 15:10:02 Z
hRWe8XinF2g,2020-03-18 14:36:51 Z
JwxZ9920cuU,2020-03-18 13:18:08 Z
sG-mbieKP3Q,2020-03-18 09:43:16 Z
YgISe3KowC8,2020-03-18 02:26:51 Z
BhmLsBrTRng,2020-03-17 04:22:28 Z
V8ycA4cYFcI,2020-03-17 04:10:21 Z
nsuSveDAlpI,2020-03-17 03:51:08 Z
WNoP5LgZ-Ao,2020-03-17 03:29:21 Z
Oot0NGxQEm4,2020-03-17 03:01:09 Z
HmnKbBmYii8,2020-03-16 04:43:49 Z
oIeWckS8u7s,2020-03-15 15:03:34 Z
CLzUtMiq1N4,2020-03-15 11:08:52 Z
3JlkTsfiyic,2020-03-15 05:43:55 Z
lV5BkGIAhBo,2020-03-14 10:53:59 Z
PgYmFW4crww,2020-03-14 08:02:53 Z
akhIcBebVyo,2020-03-14 03:03:45 Z
0iJTtEZFU8I,2020-03-14 02:21:26 Z
kzwmN1NcRlI,2020-03-12 12:26:26 Z
3d6DsjIBzJ4,2020-03-11 15:33:01 Z
ZrjuyXfLD6s,2020-03-11 04:09:27 Z
alHGcou_63w,2020-03-11 02:21:25 Z
O8FJSjy3bXA,2020-03-11 02:03:50 Z
q3cpOrB1GW8,2020-03-10 10:02:07 Z
Ot5IryUt9SM,2020-03-10 04:00:17 Z
B1ISzIJkjwg,2020-03-09 04:10:18 Z
Kas0tIxDvrg,2020-03-09 02:11:19 Z
OjPYmEZxACM,2020-03-08 14:46:52 Z
4sAeslM74U8,2020-03-08 09:46:20 Z
kGgUK2s-sqA,2020-03-08 05:19:34 Z
zphetP1CsF0,2020-03-08 01:37:34 Z
yW6O8shL_R8,2020-03-08 01:27:29 Z
PArFP7ZJrtg,2020-03-07 14:45:03 Z
ijEfmJLV5PE,2020-03-07 11:46:44 Z
x6-2N8XPYNI,2020-03-07 11:40:48 Z
MjyVpfw3RT0,2020-03-06 14:06:28 Z
u14hmR0Ti2w,2020-03-06 03:18:22 Z
DV1OqgHb3jc,2020-03-05 15:53:05 Z
3JRutUdF224,2020-03-05 12:41:56 Z
10B3e3k6CVs,2020-03-05 03:57:10 Z
ped6jsUdLGU,2020-03-05 02:20:49 Z
xkbrLdA4m5k,2020-03-05 01:23:29 Z
PZoaEmxrsZQ,2020-03-04 14:17:16 Z
gcHkxP9adiM,2020-03-04 13:47:51 Z
Sp79oTfZ0Io,2020-03-04 13:36:47 Z
8sGoavN5gNw,2020-03-04 12:13:00 Z
_gjHhOi3wak,2020-03-04 10:39:46 Z
eLdqkQWUVFI,2020-03-03 02:08:40 Z
ghUs-84NAAU,2020-03-02 15:34:53 Z
RuFKpaV_jjo,2020-03-02 14:05:12 Z
1q_NAEaiC9M,2020-03-02 13:50:29 Z
KM6X2MEl7R8,2020-03-02 13:39:06 Z
FScfGU7rQaM,2020-03-02 13:18:21 Z
TeJI1IkPHgs,2020-03-02 04:21:43 Z
hsWr_JWTZss,2020-03-02 01:33:28 Z
GacF43N-f9I,2020-03-02 01:13:53 Z
RXjxoLVQz3k,2020-03-01 15:59:47 Z
LYSPaCiKpQw,2020-03-01 03:22:04 Z
DgZPQMyzKiE,2020-02-28 16:11:03 Z
f0h0KqqP5TU,2020-02-28 15:35:30 Z
PTpoj4f25dk,2020-02-28 14:33:59 Z
oXAnKv9Ibn4,2020-02-28 13:41:18 Z
5vHXcuceYcU,2020-02-28 12:18:00 Z
josO1SIKzaw,2020-02-28 11:34:44 Z
hYmlzB7AIWM,2020-02-28 09:20:19 Z
mA0U9beDsyY,2020-02-28 02:48:33 Z
P1yWh6FSDQY,2020-02-28 01:22:33 Z
E5g0eFRHXiw,2020-02-27 09:09:58 Z
7W0ISI3yqwo,2020-02-27 09:00:39 Z
lsoC7smxr74,2020-02-27 08:30:15 Z
rY-FJvRqK0E,2020-02-27 07:07:55 Z
hJujThoYxco,2020-02-26 10:05:57 Z
J7H4m92SbQ4,2020-02-25 14:55:31 Z
zjAhNNZ13Hg,2020-02-25 04:14:16 Z
MJPmj_ARr-s,2020-02-23 14:26:35 Z
U_6pEsUu4T0,2020-02-23 14:00:13 Z
ON6cfOD8ab4,2020-02-22 15:48:09 Z
fCn8zs912OE,2020-02-22 12:46:21 Z
9FBnSmbafC8,2020-02-22 09:14:41 Z
da9PDzt53WA,2020-02-22 04:04:29 Z
JhDIILjlhBQ,2020-02-22 03:58:36 Z
3FlIDgAtcHw,2020-02-22 03:53:05 Z
asVeQSp8dK4,2020-02-22 01:41:18 Z
FV2wCXKgG1E,2020-02-22 01:38:25 Z
GU6BWv36g9U,2020-02-21 12:24:36 Z
s2Ejib-aYpM,2020-02-20 02:28:01 Z
5avtfMXeh40,2020-02-19 14:54:38 Z
egEraZP9yXQ,2020-02-18 09:10:29 Z
s6MwGeOm8iI,2020-02-18 08:15:22 Z
GQcX79t1vIY,2020-02-18 06:26:55 Z
ZlaeWRMYwGg,2020-02-18 04:52:50 Z
l-iLg07zavc,2020-02-18 04:42:27 Z
nRUPQPB4OgQ,2020-02-18 02:25:36 Z
-9QYu8LtH2E,2020-02-17 15:14:34 Z
ZzBaBqEoCOA,2020-02-17 05:28:24 Z
5Tf9NYyDMtM,2020-02-16 13:40:26 Z
3lwPpF1nPIQ,2020-02-16 04:51:56 Z
1t3iTjAe2Fw,2020-02-15 11:10:12 Z
ZIxaGgTY8UM,2020-02-15 10:27:48 Z
bIAF7kBbGKk,2020-02-15 09:44:51 Z
DwKPFT-RioU,2020-02-15 09:30:32 Z
NaNPLzPukko,2020-02-15 00:36:09 Z
k1vCrsZ80M4,2020-02-14 14:25:30 Z
e_aSowDUUaY,2020-02-14 13:59:29 Z
q1n2DR6H7mk,2020-02-14 02:01:02 Z
dt__kig8PVU,2020-02-13 01:34:30 Z
gfDIAZCwHQE,2020-02-12 16:04:26 Z
TcPk2p0Zaw4,2020-02-12 15:58:41 Z
hiiVniW6l7E,2020-02-12 05:32:52 Z
SDTkdAEVXjo,2020-02-12 01:06:40 Z
UF7r8uBoeHg,2020-02-11 07:50:40 Z
Nax13tiI5ZE,2020-02-11 03:02:38 Z
CziiiCo_0x4,2020-02-10 05:10:24 Z
Ck-9Wv6D2Ls,2020-02-10 04:52:53 Z
t8V4_BEPyqE,2020-02-09 09:59:16 Z
iyJ6ZsAuT-M,2020-02-09 06:07:38 Z
Lu56xVlZ40M,2020-02-07 04:18:13 Z
7_mdreGBPvg,2020-02-06 13:13:53 Z
s8xeBzMLPKM,2020-02-05 14:45:51 Z
DyqjTZHRdRs,2020-02-05 13:44:37 Z
kUexle4jktU,2020-02-05 01:57:44 Z
EuU_uUb_3nQ,2020-02-04 16:20:18 Z
h-589fDMvB4,2020-02-03 16:08:47 Z
HFyaW50GFOs,2020-02-03 15:27:30 Z
fA_Gdui7sug,2020-02-03 12:55:23 Z
tsCvAijBn4Y,2020-02-03 11:59:18 Z
OTYfke545vI,2020-02-03 01:40:59 Z
tSciinXdGhI,2020-02-02 07:47:31 Z
RF9t2rFmTVE,2020-02-02 05:10:49 Z
SOPGCnshrXs,2020-02-01 12:31:45 Z
nKmuLJ1XyO8,2020-02-01 12:02:55 Z
sV6uuMAnJUE,2020-02-01 05:34:31 Z
tsxmyL7TUJg,2020-02-01 05:34:29 Z
Nn8z7FkJ1nk,2020-02-01 03:20:06 Z
d6AV9xiw85w,2020-01-31 15:30:35 Z
FyMWRcVTGAI,2020-01-31 12:04:07 Z
3B7Ux9DGF2w,2020-01-30 14:06:48 Z
go5GWjmyI3M,2020-01-30 11:21:02 Z
dP5Au3tH448,2020-01-30 09:17:53 Z
ovJcsL7vyrk,2020-01-30 04:51:28 Z
pmz-ss3zrqI,2020-01-29 15:42:37 Z
CtNgZZ1WucI,2020-01-29 15:09:40 Z
Uy9V_v-XV8Q,2020-01-29 14:56:11 Z
lWGkJ2LDtdU,2020-01-29 06:17:05 Z
 -GpjDIfn8l0,2020-01-28 03:46:55 Z
WfsCoFOqEQM,2020-01-26 03:42:57 Z
hAsZCTL__lo,2020-01-26 03:36:02 Z
JViMCRQ4f44,2020-01-26 03:25:59 Z
jMq8lEu-of0,2020-01-25 07:33:10 Z
 -IHwhCC-vc8,2020-01-23 02:07:38 Z
lbR8ZY1Nsm8,2020-01-21 16:23:05 Z
QX6xWB4yVmA,2020-01-21 04:02:02 Z
iJOvOA4xHw8,2020-01-20 17:01:21 Z
HdsWYOZ8iqM,2020-01-20 16:38:55 Z
1i2vpUBsMqk,2020-01-19 06:14:11 Z
luiYmGJX204,2020-01-19 04:18:08 Z
n_yIgrkSNzE,2020-01-18 16:01:11 Z
UmxF8zNivmY,2020-01-18 14:50:06 Z
_FHoLrFqKR8,2020-01-18 10:12:21 Z
XG3fb8rVjpk,2020-01-17 08:52:06 Z
nFsQZTMzdu8,2020-01-16 14:18:22 Z
2yr1NcRtzn8,2020-01-15 15:01:50 Z
DrQG8jOXpM8,2020-01-15 14:25:38 Z
uRsZhLpHtEA,2020-01-14 14:52:31 Z
vXJbVQmiLSU,2020-01-14 12:57:20 Z
E442Dzg8BcE,2020-01-07 14:37:47 Z
b42cGmNkjJE,2020-01-07 14:34:54 Z
u2ccu7ArwBA,2020-01-07 09:34:40 Z
EAq-r2dm9Tw,2020-01-06 08:53:23 Z
mKwmGL2AuIk,2020-01-06 08:03:26 Z
614oSsDS734,2020-01-06 03:15:06 Z
Q2aEzeMDHMA,2020-01-05 14:42:01 Z
J8x-xoDeJsQ,2020-01-05 11:17:29 Z
6AQPaSJOQ7o,2020-01-05 11:08:00 Z
FnSBEeZtIns,2020-01-05 10:56:00 Z
t-O8hYbieZE,2020-01-05 06:49:20 Z
gvsHUq0tVLk,2020-01-04 00:50:06 Z
ujZcM-DSamA,2020-01-04 00:37:20 Z
Fawcboio6g4,2020-01-03 04:42:31 Z
EyS6FfczH0Q,2020-01-01 06:58:05 Z
1ugG7STk4Kw,2020-01-01 05:52:23 Z
y7Gyau-ww1A,2020-01-01 01:51:33 Z
5-QejUTDCWw,2020-01-01 01:40:38 Z
y4GK_dTf818,2019-12-31 13:14:33 Z
9_j5DKUUBec,2019-12-30 14:27:52 Z
woXlEargLpI,2019-12-30 13:58:32 Z
83JgSTi_0VE,2019-12-30 09:43:02 Z
diT6jc9flkc,2019-12-30 05:10:11 Z
lBno3KNFcew,2019-12-30 02:29:31 Z
9oGq1sDoMnk,2019-12-29 01:23:52 Z
8Sm99OVG5A8,2019-12-27 15:26:10 Z
wjndtACoyYs,2019-12-27 03:31:05 Z
4xGawJIseNY,2019-12-26 12:26:53 Z
XmxIK9p0SNM,2019-12-26 11:50:01 Z
iTOKRWgjOlg,2019-12-25 03:35:23 Z
mW0kvbJikuU,2019-12-25 02:38:04 Z
fseH9Kd5ooM,2019-12-25 02:22:29 Z
oLDNQUiHI5k,2019-12-23 09:23:29 Z
v2g5qbvb7F4,2019-12-23 03:14:14 Z
dKx1wnXClcI,2019-12-22 05:04:23 Z
EI7i6iNOzQ8,2019-12-21 04:16:14 Z
KGAj8IhnR3c,2019-12-20 08:37:19 Z
Mv30ExfoKcc,2019-12-18 12:46:14 Z
vDEEpJ9aO2g,2019-12-15 14:12:59 Z
qJX1OY983pU,2019-12-15 11:06:08 Z
ypkAAYRzauM,2019-12-15 07:24:33 Z
VPLCk-FTVvw,2019-12-14 15:57:45 Z
cknhGDJQNYQ,2019-12-14 15:45:49 Z
ZJQzLrHsDwk,2019-12-13 14:20:04 Z
drCGm4wW7ok,2019-12-12 15:38:17 Z
6fbBjRnZ0j0,2019-12-12 15:08:31 Z
C5nJ4RMy8mU,2019-12-12 13:09:11 Z
RfM5qPsIDlY,2019-12-12 12:09:12 Z
DOPswcaSsu8,2019-12-11 08:50:10 Z
tuRE55YH8yE,2019-12-09 09:45:28 Z
GGQ2yBXm8pM,2019-12-08 15:01:10 Z
YX8hxX_-wDo,2019-12-07 09:06:10 Z
6fKjprypJeU,2019-12-05 15:21:14 Z
vUZGi7MTDEY,2019-12-04 14:06:04 Z
ku026AD9zBU,2019-12-03 15:49:49 Z
kN8IX-Mdu58,2019-12-03 10:11:21 Z
oOpWNtF9wT8,2019-11-30 06:08:27 Z
MHpCmF-WEj4,2019-11-29 23:54:58 Z
p_iI1J0bALE,2019-11-29 14:43:40 Z
PrBbthdU-wY,2019-11-27 11:45:46 Z
gIiLlRbVYHk,2019-11-27 09:09:37 Z
aYOg8EON29Y,2019-11-26 11:55:35 Z
g52A2CPEi4A,2019-11-25 14:46:31 Z
3QH8MstNkKg,2019-11-25 13:01:06 Z
vuaiqcjf0bs,2019-11-25 11:09:31 Z
oAHbLRjF0vo,2019-11-25 10:50:13 Z
eWfrZSW-mV0,2019-11-25 09:39:05 Z
xmCyuqc5e2Y,2019-11-24 07:17:13 Z
152V4PjIl_A,2019-11-24 06:20:13 Z
M8NFhjj0bUk,2019-11-23 01:39:26 Z
6JN4RI7nkes,2019-11-21 14:07:42 Z
tUX-frlNBJY,2019-11-21 10:17:54 Z
KcovnyuQZdU,2019-11-20 12:56:11 Z
Gy6Ak0jN94E,2019-11-17 15:33:52 Z
8GnyjbUj-eE,2019-11-17 04:41:57 Z
QZ8OQpHOL_Y,2019-11-16 15:31:14 Z
i09V6SkVkz8,2019-11-16 11:44:30 Z
hV8hOLOC_Hk,2019-11-16 10:19:23 Z
VKtLDioQ6HY,2019-11-16 03:44:37 Z
txIUXG29vzc,2019-11-15 15:16:16 Z
zOTC6hCc-hM,2019-11-15 15:02:38 Z
VLwDvK0j4DQ,2019-11-15 14:56:36 Z
aTROj5MpU6s,2019-11-15 06:53:56 Z
RkTaMyatsTo,2019-11-15 06:27:26 Z
EZ-rAtYwXR0,2019-11-15 02:40:28 Z
S_5QEwMWJ9M,2019-11-14 00:59:44 Z
uDAv4qOU_04,2019-11-13 15:26:30 Z
d-CuolRWDxY,2019-11-12 16:01:21 Z
wnI8TA8XCt4,2019-11-11 09:04:02 Z
r9LCwI5iErE,2019-11-09 16:03:35 Z
HS3pM6qRDvM,2019-11-09 09:16:36 Z
rbXRpiVO1po,2019-11-08 15:52:41 Z
wADlMGOmPGA,2019-11-07 15:44:35 Z
tqxA8ci1WFs,2019-11-07 15:23:58 Z
R2Eotw3IxN4,2019-11-07 15:11:52 Z
h-UZpM3C-T4,2019-11-07 12:34:21 Z
UtKUGiiOnMM,2019-11-07 11:51:58 Z
m8VU2GwkBtY,2019-11-05 15:22:30 Z
PZ9JCZececc,2019-11-05 15:02:08 Z
cG8PXdTlDag,2019-11-05 09:58:15 Z
SzQmpY0KIAc,2019-11-03 15:02:17 Z
0sKOoVCSLIw,2019-11-03 01:42:44 Z
EMpaw46kr2w,2019-11-02 13:16:35 Z
wMsApb2MA6I,2019-11-02 03:26:20 Z
oNef6TrquNw,2019-11-02 02:34:08 Z
LUolzAltwKI,2019-11-01 14:52:57 Z
gYJg9cLk1us,2019-10-30 12:34:20 Z
LYSGTkNtazo,2019-10-30 12:21:34 Z
LIS0IFmbZaI,2019-10-30 11:38:26 Z
SumDHcnCRuU,2019-10-30 11:33:24 Z
kfv8S7sJ4Eg,2019-10-30 09:28:15 Z
6vebbDZxoKE,2019-10-30 08:54:48 Z
gPtd6gVgKo8,2019-10-29 14:56:33 Z
WVDQEoe6ZWY,2019-10-29 12:57:33 Z
EHlxqe2HRRk,2019-10-29 10:58:24 Z
2Z0lv6qlj0Q,2019-10-28 15:41:24 Z
mYAmSXpeFjM,2019-10-27 06:04:10 Z
3F0WDu0_tn0,2019-10-27 04:13:52 Z
eRkgK4jfi6M,2019-10-26 16:10:18 Z
9dkyqZdOlpc,2019-10-26 13:22:17 Z
Tgupe9HrEtA,2019-10-26 03:48:09 Z
9Vmwsg8Eabo,2019-10-24 15:14:46 Z
tLS9IK693KI,2019-10-23 11:31:00 Z
T1vN7fBVOCE,2019-10-23 10:20:54 Z
C-nUEpsiCKg,2019-10-23 09:27:36 Z
r3hPI7e7nYk,2019-10-21 15:21:49 Z
x9q0u6pwlYU,2019-10-21 14:35:20 Z
OQCd4-JIvDg,2019-10-21 14:30:38 Z
aRHJYZt0r5k,2019-10-20 12:28:31 Z
C7UKPq3saIM,2019-10-20 09:42:36 Z
cgYoe1pQUzM,2019-10-20 08:20:12 Z
3n2PT36k09U,2019-10-20 06:24:51 Z
jG1VNSCsP5Q,2019-10-19 15:26:59 Z
_fsjNfffknA,2019-10-19 15:06:46 Z
1YiJuE1SCIo,2019-10-19 14:56:17 Z
wgm7rmWjNpo,2019-10-19 14:46:01 Z
WxsTJIzxWeQ,2019-10-19 09:23:34 Z
AIxY_Y9TGWI,2019-10-19 04:52:14 Z
Ue_DzFZc0Lo,2019-10-18 08:15:56 Z
mC8QoRa8y_Q,2019-10-17 11:21:11 Z
RlwTWi-N0ic,2019-10-16 14:39:18 Z
zXiuzsawVNM,2019-10-15 14:31:47 Z
Va5T2KcYiOw,2019-10-15 13:32:03 Z
8wm0QlbW9cQ,2019-10-13 15:43:58 Z
_3utH8Nm_D4,2019-10-12 13:56:24 Z
_WHRWLnVm_M,2019-10-12 11:44:31 Z
MNzBFgwkU0A,2019-10-12 10:20:53 Z
JR4KHfqw-oE,2019-10-12 03:24:49 Z
88mwF7MnX0A,2019-10-11 15:59:39 Z
68uhLlX6BJI,2019-10-11 14:25:56 Z
J1Eeb73-dZY,2019-10-09 11:46:16 Z
oqysv9Ft2LM,2019-10-07 06:23:14 Z
qR3JzTAkzFA,2019-10-06 15:44:32 Z
UgUOsR31-Ao,2019-10-06 15:40:11 Z
wPODghAr3Vc,2019-10-06 14:31:53 Z
MAlSjtxy5ak,2019-10-06 13:35:18 Z
nspqYGz-Z1s,2019-10-04 10:27:12 Z
ux4R5GeKMUU,2019-10-04 09:18:35 Z
ava4Z3sJMLk,2019-10-03 05:57:29 Z
KbuCQqV_ULI,2019-10-03 04:19:25 Z
ZCu366L04YM,2019-09-30 14:53:39 Z
HF1izYXSiqo,2019-09-29 16:14:15 Z
rgaTLrZGlk0,2019-09-29 15:04:49 Z
skh9N2UH1Fo,2019-09-26 11:51:31 Z
k955yMkQCvs,2019-09-26 10:41:36 Z
uqwC41RDPyg,2019-09-25 14:37:08 Z
3hrx8WK2TH0,2019-09-25 14:09:10 Z
UkQGPkZ702A,2019-09-25 11:15:55 Z
eBbdGu2qO5k,2019-09-25 08:58:45 Z
mBsFxHa2eKw,2019-09-23 13:24:37 Z
7g1pmHSWHe0,2019-09-23 12:18:01 Z
D4PFrYteKxI,2019-09-22 14:33:41 Z
rRRUrhomU3o,2019-09-20 13:34:32 Z
UKuVdKTQIU0,2019-09-20 13:15:36 Z
Wm6mEh8ZY3s,2019-09-19 11:37:13 Z
OquYERUJcMA,2019-09-18 13:02:57 Z
8s6syevtPhk,2019-09-18 09:37:56 Z
PaErPyEnDvk,2019-09-15 15:04:40 Z
YuokKji_b8g,2019-09-14 15:08:58 Z
_czzkqPjvS4,2019-09-14 15:05:10 Z
c57e9sgPeqg,2019-09-14 14:44:13 Z
5yZuaAQKnkY,2019-09-14 09:49:30 Z
VJ_kMossOes,2019-09-14 03:15:11 Z
Ll1xk4i8ts8,2019-09-13 05:25:45 Z
8kX62n6yNXA,2019-09-12 15:18:17 Z
n__42UNIhvU,2019-09-12 14:41:42 Z
L1LSxssB81Q,2019-09-10 11:36:33 Z
F7a9K4lvVn8,2019-09-09 12:43:42 Z
VkRIMgTU7cA,2019-09-08 12:37:23 Z
iWRfLuJ_NKw,2019-09-08 10:54:04 Z
Z2r7SSAKGMs,2019-09-07 14:52:38 Z
LR98AEAgnYQ,2019-09-07 04:20:02 Z
QbZlsL0AD4o,2019-09-06 15:05:00 Z
Jb-179F-uyI,2019-09-03 10:59:03 Z
_lcSyMpfpuk,2019-09-02 10:59:28 Z
GpPRiwNriys,2019-09-01 13:42:14 Z
_nOjhYm-9wA,2019-09-01 10:51:11 Z
VUAT9XrFSN0,2019-09-01 05:22:54 Z
uJH1Gtz8EUY,2019-08-31 15:39:31 Z
r8xfzeD0ZK4,2019-08-31 10:37:43 Z
lz3WR-F_pnM,2019-08-31 01:09:08 Z
jisLVnCBQuw,2019-08-30 14:55:27 Z
dw4aGcmircA,2019-08-30 13:55:34 Z
LUS-YreXpZk,2019-08-28 12:44:05 Z
VVivtti-n-w,2019-08-28 12:12:54 Z
LR5f3-5vB_U,2019-08-28 12:08:28 Z
 -PljiVXB6X4,2019-08-28 08:39:13 Z
Hf2MFBz4S_g,2019-08-26 09:45:19 Z
BO7-SalUMEc,2019-08-26 09:36:09 Z
49t-WWTx0RQ,2019-08-25 11:49:59 Z
ypbFiNvDa4c,2019-08-25 11:29:03 Z
X3KLyDWPpEM,2019-08-25 03:16:53 Z
FtSd844cI7U,2019-08-24 15:41:30 Z
w31VXC9AMts,2019-08-24 14:23:52 Z
H5EUjnEKzjQ,2019-08-24 11:31:11 Z
jWvwt3mCu68,2019-08-24 10:20:28 Z
GjXbxG8YRKw,2019-08-24 03:02:06 Z
XnRCZK3KjUY,2019-08-21 11:03:25 Z
vB7Xv6gG5_0,2019-08-21 10:31:58 Z
RQdxHi4_Pvc,2019-08-21 10:00:13 Z
FLb1PS4fI9I,2019-08-21 09:08:51 Z
QBmhS9N0_9U,2019-08-21 09:02:12 Z
1dr_qpnommw,2019-08-20 14:57:42 Z
LBpp47YLL1w,2019-08-19 10:17:50 Z
Zbow21FKJS4,2019-08-18 15:13:58 Z
9eYdGGfObKk,2019-08-17 05:21:20 Z
SvbTFwXagdQ,2019-08-17 04:15:15 Z
NVhA18_dmg0,2019-08-17 03:58:53 Z
2dk9AU9LaVs,2019-08-16 11:37:13 Z
SGiO9r_7AcI,2019-08-16 08:50:48 Z
r2PtzeR_taM,2019-08-12 14:32:07 Z
jEFd-dR1vLY,2019-08-10 04:25:41 Z
nqJXu4K1igg,2019-08-09 10:21:57 Z
C4kuR1gyOeQ,2019-08-09 08:56:41 Z
klZVB8QDjBI,2019-08-09 08:25:02 Z
ZJcxznqyPxs,2019-08-08 02:08:28 Z
XfJR0yfm1n8,2019-08-08 01:49:50 Z
NxDXGXMr_Pk,2019-08-07 09:40:49 Z
8xwf9ka3Yvw,2019-08-06 09:23:46 Z
JDy95_eNPzM,2019-08-06 07:59:15 Z
XSfuhGpfwJU,2019-08-02 00:59:42 Z
iCON_9h4vfs,2019-08-02 00:01:50 Z
SeClSY8AVE8,2019-08-01 15:59:09 Z
Tqfo-VjM-ec,2019-08-01 15:36:31 Z
xoSiKg73Cs0,2019-08-01 13:28:39 Z
ETKVxySBpGE,2019-08-01 09:56:32 Z
DvdkIpe9xCU,2019-08-01 07:57:53 Z
z5U1ENuZIg8,2019-08-01 03:34:12 Z
NkaR5BW2qI0,2019-08-01 03:32:08 Z
43Gbc0co8FY,2019-07-26 06:52:35 Z
OGQK4WenxLU,2019-07-26 02:22:59 Z
E1M0i7nrDig,2019-07-23 04:07:24 Z
uINxIvwK1eo,2019-07-23 04:04:28 Z
9nPKw22qx9k,2019-07-21 16:46:08 Z
h5u8YWCRfVM,2019-07-20 15:22:09 Z
rh6WTAHKYTc,2019-07-17 05:43:35 Z
EM16aiSSpFk,2019-07-17 05:05:03 Z
aDnrCSDUgXA,2019-07-16 14:51:49 Z
42jHc-_XsDo,2019-07-11 14:53:13 Z
RswMTnDH2hE,2019-07-10 04:30:20 Z
_xbJg8hp7c4,2019-07-08 12:07:57 Z
EP8OaGisJr0,2019-07-03 09:14:26 Z
v191Y8AUk6w,2019-07-02 12:02:50 Z
m6buIdQacoM,2019-07-02 02:55:08 Z
U33lB0sPu2s,2019-07-01 14:23:56 Z
ZnQemTtpPWk,2019-07-01 14:19:58 Z
P1Jz523UHeU,2019-07-01 13:31:48 Z
MiCftTLUzCI,2019-06-30 11:55:47 Z
EQmjXM4VK2U,2019-06-30 08:06:49 Z
8qRZcXIODNU,2019-06-29 08:27:59 Z
VPZwSN_JcEI,2019-06-25 14:07:37 Z
qjk-YRuQZDE,2019-06-24 13:34:45 Z
CLpLhYCAJ_0,2019-06-23 13:51:36 Z
yobugBuwHt0,2019-06-23 13:38:21 Z
lzAk5wAImFQ,2019-06-23 11:26:13 Z
hnfTaqGFW8M,2019-06-22 10:41:33 Z
qpipLfMiaYU,2019-06-21 13:28:24 Z
jtBV3GgQLg8,2019-06-21 00:33:59 Z
m634REbqTCg,2019-06-19 12:42:03 Z
hvECZ_ZXGqs,2019-06-19 12:39:36 Z
pQrwEEzHZag,2019-06-17 14:45:41 Z
Gt4jHLteXag,2019-06-17 14:29:25 Z
kxkrdLI6e6M,2019-06-16 15:20:08 Z
nKNAZr0QJzs,2019-06-16 13:29:27 Z
f-VJvFbkFHU,2019-06-16 09:26:28 Z
RllWJUvrxEY,2019-06-16 07:23:14 Z
vwHKNf5adgU,2019-06-16 07:21:11 Z
686xoeQAVA4,2019-06-15 13:54:45 Z
F7_kaTP7_W4,2019-06-13 14:24:20 Z
Riew_vAO6qU,2019-06-13 11:17:41 Z
qynu8yNiTrY,2019-06-12 15:28:24 Z
fcqsujyq7Kc,2019-06-12 15:14:17 Z
H0g4JxKp4fc,2019-06-12 13:36:38 Z
3i37RZ51Cuc,2019-06-12 13:22:01 Z
Z9wtaca4wjw,2019-06-10 13:51:35 Z
laeTyp0YKYQ,2019-06-10 12:18:25 Z
0oSHxPAFA5s,2019-06-09 05:29:24 Z
2ClvOQTke7w,2019-06-09 02:40:40 Z
ayrbWKSFN88,2019-06-08 11:31:53 Z
Lmh3Mg80fjE,2019-06-07 01:54:10 Z
9DI2JOxKPXk,2019-06-07 01:54:07 Z
sL-3a0SeESo,2019-06-06 09:16:34 Z
bHM64wybFF0,2019-06-06 05:12:15 Z
c4bz55hU5vY,2019-06-05 12:00:38 Z
n95wxMxz_us,2019-06-05 08:47:58 Z
iqge5ZUBk2A,2019-06-03 13:57:13 Z
SCbmAVMMRek,2019-06-03 13:54:11 Z
UN3LkolETCs,2019-06-03 13:40:15 Z
f6-QHtg_u9k,2019-06-03 13:36:00 Z
_naDg-guomA,2019-06-02 07:37:33 Z
WyuUnW19uJk,2019-06-01 15:09:03 Z
3L1QIJ9PQ2M,2019-06-01 14:30:19 Z
WZskjLq040I,2019-06-01 11:47:47 Z
EWeHB4qM1Hg,2019-05-28 16:06:42 Z
Cx4GvzjRMx8,2019-05-28 11:39:01 Z
_1QX6RpMVDg,2019-05-28 11:00:18 Z
l5kmkFs416w,2019-05-26 11:54:39 Z
PHgc8Q6qTjc,2019-05-26 09:59:12 Z
XAHHUWY-Jxg,2019-05-26 08:04:35 Z
vJQsh6ZHJxA,2019-05-26 07:44:56 Z
mpuSi6YooAo,2019-05-26 07:18:43 Z
jGme7BRkpuQ,2019-05-26 04:49:50 Z
7jEQWoLz8Ng,2019-05-26 02:56:22 Z
ptyi4Cqxp-o,2019-05-25 12:50:45 Z
gAMYOePgsuw,2019-05-25 02:37:42 Z
fYVaHVHuARA,2019-05-25 01:49:47 Z
VzoZf4IAfAc,2019-05-24 14:33:47 Z
gCcx1X-JaX8,2019-05-23 12:18:26 Z
nWDITMZW1XE,2019-05-21 10:16:06 Z
LZplh8rd-I4,2019-05-20 10:29:42 Z
z8AdxtkkQDo,2019-05-15 12:45:30 Z
4DlipN61jGA,2019-05-14 09:34:42 Z
kKAmQzPOl9A,2019-05-14 09:29:00 Z
gq5GoeHIUIA,2019-05-13 16:05:47 Z
5G_sn4OINJg,2019-05-11 16:21:03 Z
zGG3YsKpe88,2019-05-11 12:17:53 Z
zqWMIaUzRxA,2019-05-11 11:17:50 Z
IKzS_TJKPKY,2019-05-11 09:59:21 Z
F_9Qip7mBC4,2019-05-11 01:19:07 Z
qwptXx_2Fq4,2019-05-10 15:55:53 Z
 -zCZTFRNpkY,2019-05-10 14:14:55 Z
ixzYkQ9DAKk,2019-05-08 15:18:48 Z
dBaNrTMUQbM,2019-05-08 11:01:49 Z
kfB-UWVenfc,2019-05-08 08:37:20 Z
K97i2VNNqG0,2019-05-07 13:35:28 Z
 -CUJajwRIJc,2019-05-06 16:43:40 Z
ME8wzyR6pO8,2019-05-05 13:35:16 Z
mDAxCWOhJTc,2019-05-04 01:07:42 Z
sSYRCBK13Kk,2019-05-03 13:01:48 Z
a_NDVkpRWeo,2019-05-02 13:41:11 Z
kd2KEHvK-q8,2019-05-02 12:13:35 Z
7GmkUEmeLko,2019-05-02 09:38:54 Z
mL-BxhQvdIE,2019-05-01 11:46:25 Z
lvTqbM5Dq4Q,2019-05-01 09:32:10 Z
-8x4xqBydc8,2019-04-29 12:05:47 Z
pWmID6vfv4M,2019-04-29 10:45:27 Z
FMuMTExD2as,2019-04-29 09:17:27 Z
vHS_3qi0kXg,2019-04-28 09:25:02 Z
dXf1nUVdVuM,2019-04-28 04:41:42 Z
bzqRLraNTA8,2019-04-28 04:19:53 Z
k_OZzaEouqk,2019-04-27 01:46:59 Z
MtrIdMhv1co,2019-04-27 01:43:07 Z
qztEMpgtfyk,2019-04-27 01:35:37 Z
tod2qZnKZEQ,2019-04-26 15:25:51 Z
3MRHcYtZjFY,2019-04-26 15:24:08 Z
tZQ8gdPOMdA,2019-04-26 12:27:38 Z
pBAj3uQhZ_I,2019-04-26 10:38:37 Z
yiyjcXWZ3Qo,2019-04-25 09:47:10 Z
8IFR2ApwRR4,2019-04-24 08:39:49 Z
xGAfXQ0yYS0,2019-04-23 15:21:07 Z
ab47XHidvwQ,2019-04-23 14:46:22 Z
mF6JUfczaO8,2019-04-23 13:15:32 Z
2sshGdMgJxQ,2019-04-22 15:56:09 Z
B8y3SSmz4sg,2019-04-22 09:43:58 Z
xN9hTo3iR6A,2019-04-21 15:24:37 Z
2WqU2tcfwIY,2019-04-21 15:10:04 Z
I6E6InIQ76Q,2019-04-21 14:34:55 Z
9Hq9rf0XgrI,2019-04-17 13:45:39 Z
o77Ir6sOg8Q,2019-04-17 13:29:38 Z
sY5MmhLQBng,2019-04-17 13:25:07 Z
HUngLgGRJpo,2019-04-17 12:56:05 Z
z1RojSyfIFM,2019-04-16 15:28:05 Z
MBviyr97Dok,2019-04-14 12:37:43 Z
YFHHGETsxkE,2019-04-14 12:20:29 Z
VTq0qVWaUnU,2019-04-14 08:30:47 Z
GEFPqEVlKEk,2019-04-14 02:41:47 Z
ObngtuPFI8A,2019-04-13 13:16:51 Z
9pMH4hztXTE,2019-04-13 03:59:39 Z
da7iGPigiz4,2019-04-13 03:56:43 Z
WknsauSpVUk,2019-04-13 03:52:44 Z
26EivpCPHnQ,2019-04-13 03:24:44 Z
DSJ784wHR8s,2019-04-11 09:30:31 Z
3uiUHvET_jg,2019-04-08 14:37:41 Z
6koDfxLf-5Y,2019-04-08 11:13:17 Z
GFLkou8NvJo,2019-04-07 11:30:45 Z
TgHtp16pXfg,2019-04-07 09:40:47 Z
dE6SJn7q20o,2019-04-07 07:21:32 Z
fUvmazotQp0,2019-04-07 07:08:09 Z
kZZEsog-Bvg,2019-04-07 05:02:01 Z
kvGYl8SQBJ0,2019-04-07 01:56:38 Z
XU-PbQu-UxQ,2019-04-06 13:30:33 Z
2qd2mq2bp9s,2019-04-06 02:25:39 Z
NByf8aHtZxk,2019-04-05 03:07:03 Z
D5ayOxkPOh4,2019-04-03 13:18:47 Z
ELEAsGoP-5I,2019-04-03 13:11:12 Z
bsEkGGc5_OU,2019-04-03 10:07:06 Z
G6NfRMv-4OY,2019-04-03 09:16:26 Z
TPjm7F5lr-o,2019-04-03 02:43:26 Z
UFSn8IwgQfw,2019-04-02 06:19:22 Z
nORRgU8sGdE,2019-04-02 06:16:21 Z
imGbhF2AEPw,2019-04-01 14:57:23 Z
99N5ceqyirY,2019-03-30 03:36:08 Z
L-SlEJstbHo,2019-03-30 02:27:00 Z
CxQKltWI0NA,2019-03-24 15:22:25 Z
uD4izuDMUQA,2019-03-24 15:17:20 Z
THRhrh-ChBE,2019-03-24 13:43:36 Z
4hZxo96x48A,2019-03-24 03:47:22 Z
dV3DkoT9rHw,2019-03-24 02:42:12 Z
CZEHoiOhig8,2019-03-23 13:51:20 Z
59Q_lhgGANc,2019-03-23 03:34:14 Z
KDXOzr0GoA4,2019-03-23 03:34:11 Z
OyPh1jxUaqc,2019-03-23 02:33:42 Z
kN1MifJE7qE,2019-03-22 15:03:02 Z
KSlGJv3LZII,2019-03-22 14:45:32 Z
VJAuyIRfYIM,2019-03-21 15:48:20 Z
GGs_NT4iL2c,2019-03-20 15:32:51 Z
8_3kTLUmYrs,2019-03-20 15:07:02 Z
tunB5ES_zdU,2019-03-19 14:31:32 Z
GLy4VKeYxD4,2019-03-19 13:16:48 Z
tkHr-yw6hMo,2019-03-19 07:20:26 Z
jgQCvWsobXI,2019-03-18 14:54:20 Z
xofxuj3YeOc,2019-03-17 10:23:52 Z
0GqbbVHsbKM,2019-03-17 04:11:07 Z
8earohTF-pU,2019-03-16 14:10:13 Z
xejx48lZVhQ,2019-03-16 02:23:02 Z
rExJskBZcW0,2019-03-15 14:36:40 Z
imfqczglelI,2019-03-15 13:20:54 Z
LO1mTELoj6o,2019-03-12 14:40:55 Z
_vfSvckpQWo,2019-03-12 14:39:01 Z
8tcnuRsfgUQ,2019-03-11 15:20:13 Z
J1Yv24cM2os,2019-03-11 09:31:00 Z
ggoQ53p3agQ,2019-03-10 07:47:30 Z
LQwQpfNQW4o,2019-03-09 14:59:19 Z
6dTq9d9KqmQ,2019-03-09 14:28:21 Z
Cm0MGnuRnH0,2019-03-07 14:06:44 Z
HUHC9tYz8ik,2019-03-07 13:09:47 Z
TTAu4cHaLEI,2019-03-04 12:08:37 Z
SEejivHRIbE,2019-03-03 15:36:02 Z
pCmvUdrN8rs,2019-03-03 12:30:18 Z
7Ycd8zEdoVk,2019-03-03 12:21:43 Z
3CccfnRpPtM,2019-03-02 13:45:49 Z
eUzB0L0mSCI,2019-03-02 13:36:42 Z
BKhDvxOy1KE,2019-03-02 13:16:56 Z
Z3IPVWN-1ks,2019-03-02 00:19:50 Z
A-LL5pVU5bE,2019-02-28 12:47:52 Z
ERkrqavcwzg,2019-02-27 09:59:14 Z
vvXMtU5rs30,2019-02-26 10:24:27 Z
DqpPRj6UZqc,2019-02-25 14:27:15 Z
3vPAwEYc6FM,2019-02-25 10:54:13 Z
XqdGlSDktW4,2019-02-24 15:43:11 Z
SsBR29ekU_0,2019-02-24 06:17:17 Z
EAOdW4SjcyI,2019-02-24 02:05:31 Z
CzjdcGu8TCM,2019-02-23 04:23:11 Z
VVh6EkYwIGU,2019-02-23 04:05:34 Z
48RVcbkhNHQ,2019-02-22 14:25:29 Z
icRXJmYBAhY,2019-02-22 13:51:58 Z
KYQCgXBg7dM,2019-02-20 10:07:11 Z
UCVXWk2im2M,2019-02-19 15:12:04 Z
_DlEbybu7Xo,2019-02-19 12:44:24 Z
uRM6HrEw1D8,2019-02-19 12:06:13 Z
Ie6aYQ-tFu4,2019-02-18 15:23:15 Z
eRP0nLZYB_A,2019-02-17 05:22:33 Z
4pITlnrvhrY,2019-02-16 02:43:04 Z
4mxXdCUXSSs,2019-02-12 15:27:03 Z
L58IiRWk7no,2019-02-11 14:06:44 Z
O4mgjkySDqg,2019-02-10 10:13:51 Z
cYYOH6PH2Yk,2019-02-07 09:09:29 Z
AEmPk7uAQ34,2019-02-05 07:42:18 Z
KYvpm8x-Nu8,2019-02-04 17:12:15 Z
WnxxaAVM3iY,2019-02-03 06:17:37 Z
cuSrsC6DemU,2019-02-01 07:42:01 Z
EHgB2J9F0Kc,2019-01-31 09:47:47 Z
dk3-a6_U3Qo,2019-01-30 14:27:32 Z
iCTXYenQotg,2019-01-30 03:28:45 Z
KND_bBDE8RQ,2019-01-30 01:36:32 Z
o2dNbAnkUG0,2019-01-29 13:12:59 Z
_jXQNyqFj9I,2019-01-28 04:34:32 Z
r9lzDf6xpE0,2019-01-27 13:17:02 Z
ciMfuFJ0d9g,2019-01-23 15:22:47 Z
Rn5IH1UfFAw,2019-01-21 14:52:44 Z
POtV24aOI5s,2019-01-21 13:41:22 Z
E5a4lntstgI,2019-01-20 13:31:56 Z
AMeXIZ7O_ng,2019-01-20 02:16:12 Z
rIZ5nfERa6g,2019-01-19 07:21:39 Z
EL5swb26Y_4,2019-01-19 02:05:04 Z
15dxuAbTC0A,2019-01-15 12:34:21 Z
PaXKf0JEzEA,2019-01-14 17:41:30 Z
fX4G4druCiI,2019-01-14 14:46:59 Z
HEfHFsfGXjs,2019-01-14 08:17:21 Z
c8icD9XtRhU,2019-01-11 15:53:25 Z
KznZcK7ksf4,2019-01-10 15:07:34 Z
r6DtZvPzbR8,2019-01-08 14:40:15 Z
iDFgJSuZS00,2019-01-08 12:11:24 Z
qlaSjUwhAtQ,2019-01-06 02:19:10 Z
2VwCfitW3hs,2019-01-06 01:24:40 Z
m9AT7H4GGrA,2019-01-05 11:48:42 Z
aGq8uJSco1o,2019-01-02 13:37:49 Z
CX45pYvxDiA,2018-12-30 12:13:24 Z
4tJJnC26_uw,2018-12-28 16:04:41 Z
vYoapICIfeE,2018-12-26 01:55:54 Z
8xe6nLVXEC0,2018-12-25 16:21:41 Z
t3ZCFHbSj-8,2018-12-25 15:46:03 Z
FR0_sZtCfJ0,2018-12-25 11:53:27 Z
bibPGJBDILQ,2018-12-24 16:15:06 Z
Buk8h5ijysQ,2018-12-24 14:47:52 Z
iEBX_ouEw1I,2018-12-24 11:11:16 Z
mNppbS_p5qA,2018-12-24 02:55:50 Z
knfaHf1Ztrg,2018-12-24 02:42:16 Z
zZ8NuPIymlk,2018-12-24 02:20:00 Z
wNECtHzbTXE,2018-12-21 14:42:42 Z
zd2xn5U6e-E,2018-12-20 02:57:22 Z
cpIEWsQpRMk,2018-12-19 08:42:54 Z
MTc5Gwg_npA,2018-12-19 02:23:24 Z
ILn85WKo0Qk,2018-12-17 13:20:22 Z
kUtyrSKXjNo,2018-12-17 11:45:17 Z
hpWYtXtmEFQ,2018-12-17 10:38:56 Z
WByBm2SwKk8,2018-12-14 12:16:16 Z
BduftT_n-Xg,2018-12-12 14:58:30 Z
iGXYZwZEZa0,2018-12-09 05:38:33 Z
UB_37encRCI,2018-12-09 04:54:38 Z
icLIdzEJ1Uo,2018-12-08 15:19:26 Z
Zh3Yz3PiXZw,2018-12-07 15:01:18 Z
HMKntaaSFfg,2018-12-07 13:52:45 Z
YyGWy3lXBIc,2018-12-06 13:54:17 Z
mSNwgXTmYm8,2018-12-06 09:36:22 Z
2s4TqVAbfz4,2018-12-05 12:21:11 Z
bSLkQnCurgs,2018-12-04 14:30:58 Z
IlFD298wTOM,2018-12-04 11:33:08 Z
fl5xurWyV2o,2018-12-03 15:18:02 Z
g0hoN6_HDVU,2018-12-02 14:49:41 Z
VfNdps0daF8,2018-12-02 14:27:02 Z
RB3g6mXLEKk,2018-12-01 12:28:45 Z
fW0Y3M4EJ4M,2018-11-27 00:54:04 Z
f4V_uaxBVOw,2018-11-26 14:27:48 Z
P0IlDMqGdxU,2018-11-24 10:33:04 Z
pIKp8dHo-VI,2018-11-24 04:52:51 Z
lqI9mGSPRWI,2018-11-21 09:00:58 Z
57x3Ox2X_c4,2018-11-18 14:53:48 Z
ZwIHz3KvDeI,2018-11-18 06:18:21 Z
trmXwkLgdOM,2018-11-17 03:05:23 Z
f2nP-hci-AQ,2018-11-15 14:12:09 Z
5jvROt26GLg,2018-11-14 11:58:08 Z
oagszCmJLpU,2018-11-11 12:03:08 Z
YDxIx3PnFew,2018-11-11 04:49:28 Z
CuuDTnMPMgc,2018-11-04 11:27:09 Z
k6EQAOmJrbw,2018-10-31 01:51:20 Z
fX_G6DormGA,2018-10-30 13:03:56 Z
D9Ihs241zeg,2018-10-29 09:45:06 Z
hXzPxBhhmY8,2018-10-27 12:30:59 Z
vcBn04IyELc,2018-10-25 10:02:50 Z
kBgVyXYwDoI,2018-10-21 12:31:30 Z
NaGnMWBQMBE,2018-10-14 09:34:59 Z
yaJFOH_gmGM,2018-10-13 13:41:42 Z
YCoQwZ9BQ9Q,2018-10-11 14:19:13 Z
pZkCZ4LCO0o,2018-10-11 02:52:16 Z
QRe_vI3iYRM,2018-10-05 13:21:00 Z
XckuLi5cqd4,2018-10-03 16:37:00 Z
DT4aeRQOY4g,2018-10-02 07:16:27 Z
yZS0szwkuHY,2018-10-01 14:06:53 Z
AoktpjjCLdM,2018-09-30 11:41:08 Z
e2xzbxXZ5fM,2018-09-30 06:21:36 Z
BdFR1p6qc_w,2018-09-29 14:01:59 Z
1P5dqoA2XqE,2018-09-29 13:46:36 Z
S5r-DMIllyU,2018-09-25 14:43:36 Z
-3j30sT8VAw,2018-09-25 13:47:00 Z
PGgRH7-Qs9g,2018-09-18 13:18:10 Z
ocWIXY7mLpc,2018-09-15 13:18:21 Z
7nFD1F136pI,2018-09-15 04:26:09 Z
 -m8MqIS6VEU,2018-09-12 11:51:51 Z
5LOFhsksAYw,2018-09-09 15:08:14 Z
HCxJ4gAt2cs,2018-09-06 09:26:10 Z
6jsnJLEHTqE,2018-08-27 14:51:03 Z
eKC2ykkYWDY,2018-08-27 13:03:23 Z
Usu9z0feHug,2018-08-25 15:11:15 Z
F80FsZDTgn0,2018-08-24 15:07:49 Z
_FQJEzJ_cQw,2018-08-04 12:43:49 Z
WeKcqoScnWw,2018-08-04 06:44:19 Z
O6ERELse_QY,2018-08-02 14:27:39 Z
LYW64wVwPT8,2018-08-02 13:02:31 Z
wh4flZKtLEc,2018-07-31 10:47:55 Z
xYemnKEKx0c,2018-07-30 11:51:48 Z
dz7XjbC2bIY,2018-07-20 02:08:21 Z
1NgRiVb38p0,2018-07-19 20:20:25 Z
zAMiR-3j8sw,2018-07-14 07:49:02 Z
5uHwzJuLSHg,2018-07-13 15:40:02 Z
AbAal7jIWQ4,2018-07-11 13:51:53 Z
ADYSsiEQKtc,2018-07-11 09:55:12 Z
zz6KOsePEHs,2018-07-09 14:47:11 Z
jDI7OE8vRu4,2018-07-08 12:40:57 Z
TI7nhSIuHg4,2018-07-05 13:27:49 Z
VM_fzaWAybw,2018-06-26 13:41:18 Z
AULhA8rO8kg,2018-06-23 12:45:11 Z
PA8HTX6CXBs,2018-06-17 07:53:48 Z
gOPmUpyoygU,2018-06-16 13:17:25 Z
dbK0kxW9zg8,2018-06-09 14:33:52 Z
jAI38B-3Hzc,2018-06-05 13:51:35 Z
4wnHLlPOazc,2018-06-04 16:19:17 Z
0MDns4AP4Qw,2018-06-04 13:01:05 Z
jLFlqKVTX-g,2018-06-01 15:50:51 Z
YEdQ3mwyrQ4,2018-06-01 15:40:11 Z
Fu3vhFlXV0w,2018-05-27 16:47:59 Z
5MgBikgcWnY,2018-05-26 15:08:14 Z
XE25DmB1ac0,2018-05-26 10:08:38 Z
DFUYQgZwRb4,2018-05-26 05:38:18 Z
pBkHHoOIIn8,2018-05-24 12:42:52 Z
eqY3FaZmh-Y,2018-05-24 11:08:31 Z
pvKUttYs5ow,2018-05-24 10:43:42 Z
_tvSjd6KXkQ,2018-05-23 14:34:24 Z
zua831utwMM,2018-05-22 13:47:19 Z
QTQQAWCqytE,2018-05-21 10:52:07 Z
GiYO1TObNz8,2018-05-19 05:33:15 Z
pVT-3uAJFB4,2018-05-14 12:08:52 Z
DL9FXjJPqbE,2018-05-13 14:31:22 Z
kyXc1jsSETo,2018-05-08 13:36:38 Z
GIgBpPBmF3o,2018-05-02 14:03:53 Z
O9n5QpjA2WY,2018-05-01 07:27:47 Z
cZYNADOHhVY,2018-04-25 11:45:38 Z
x_Tn66PvTn4,2018-04-19 14:24:03 Z
PgTGLma919A,2018-04-07 15:11:53 Z
vFKQ7GflRkk,2018-04-06 00:28:12 Z
65GbpVZTgAk,2018-04-02 07:27:26 Z
MxJJ2LBI604,2018-04-02 05:35:24 Z
m1-rpd3S-48,2018-04-02 03:23:51 Z
Je0UVD_4vDM,2018-03-25 12:09:14 Z
ZfIVC2aTrVE,2018-03-25 01:42:27 Z
shdXMPlhwi0,2018-03-21 11:20:16 Z
UPFced77cg4,2018-03-20 12:40:22 Z
5sQM7-D_izA,2018-03-18 04:05:53 Z
LM0zwSkc-JE,2018-03-12 11:59:25 Z
TrwRTAj6tMU,2018-03-12 10:47:19 Z
tugFFhML7VY,2018-03-10 10:21:03 Z
D_VS_rQ-vSw,2018-03-01 09:58:37 Z
-3WuQxnA7Hg,2018-02-24 21:49:01 Z
W7lbetWc35w,2018-02-12 18:23:53 Z
hGAwB63fLMg,2018-02-10 03:59:24 Z
Gtp51eZkwoI,2018-02-08 05:52:43 Z
kx1y0tJcXeU,2018-01-30 14:32:15 Z
VIydvFwQ8CE,2018-01-25 16:24:32 Z
rPBLV53o7Ok,2018-01-20 05:18:43 Z
cPWPAjYb5eI,2018-01-19 14:22:42 Z
4L43VVORo5c,2018-01-18 10:11:18 Z
tBM884CfC_M,2018-01-17 11:33:21 Z
QBnCXRgjCUs,2018-01-13 13:34:12 Z
c47kn_Y4y8A,2018-01-11 13:50:58 Z
VlJ4N3tZ4oA,2018-01-04 11:58:27 Z
N-KJ3wfXWzg,2017-12-21 04:32:09 Z
RtxO5bDE-AA,2017-12-17 04:35:41 Z
dfqFEiP10_E,2017-12-17 01:45:26 Z
JpIDfd3XVCc,2017-12-16 12:42:56 Z
EdJYvgUt51o,2017-12-16 04:08:03 Z
crH1xmmfgTc,2017-12-16 01:12:28 Z
4mYcJaIOe7s,2017-12-11 09:51:42 Z
t7PJAPj3gig,2017-12-09 11:44:38 Z
FlsCjmMhFmw,2017-12-07 11:10:25 Z
Ec92Wa8zJs8,2017-12-06 02:16:24 Z
1qhgW_io0t0,2017-12-05 14:35:41 Z
nKmxDb_ELZQ,2017-11-20 14:25:10 Z
9x2jz4ChkH8,2017-11-19 02:21:51 Z
WIkQJJRDrcE,2017-11-18 12:48:31 Z
4niz8TfY794,2017-11-18 11:20:30 Z
z9H6ymsMCMA,2017-11-18 03:46:11 Z
e7DuofiWE_g,2017-11-18 03:44:37 Z
KwV7L8zvXus,2017-11-18 01:13:57 Z
rXItdIeJbN4,2017-11-17 09:43:43 Z
gEfWvM3OfD8,2017-11-16 13:26:18 Z
LkLBVMgsSHQ,2017-11-14 10:55:26 Z
_Lt21JTO6U0,2017-11-13 08:06:21 Z
tc9Z57WuxPk,2017-11-04 10:26:57 Z
TNTEl2aGFrc,2017-11-03 09:00:03 Z
CdaieVjSpcM,2017-11-03 02:52:00 Z
T3WLDsJkPYU,2017-10-31 10:23:04 Z
aircAruvnKk,2017-10-28 14:52:27 Z
B3WVwy82UQQ,2017-10-26 10:02:30 Z
gdgPAetNY5U,2017-10-22 13:53:59 Z
dy5xLVx2NGY,2017-10-21 11:39:36 Z
ZB7zOPk1bWY,2017-10-21 05:31:38 Z
OUDlF4dkhjM,2017-10-20 03:37:07 Z
ZEbTMbX9Qpo,2017-10-19 11:11:34 Z
ZnXBvqIefzo,2017-10-19 11:09:33 Z
Xou8Gxch92M,2017-10-12 11:52:09 Z
JpiM9HdbCTI,2017-10-11 11:48:08 Z
OehlUOx8xf8,2017-10-11 11:06:50 Z
 -hnosneJg1Q,2017-09-24 02:11:38 Z
QIC8GkPSjC0,2017-09-20 10:33:11 Z
AHrCI9eSJGQ,2017-09-11 13:39:15 Z
PHYidejT3KY,2017-08-31 11:25:45 Z
iGk5fR-t5AU,2017-08-25 09:08:44 Z
gn9uUjwBaEk,2017-08-20 02:51:24 Z
Oiu_OfCPy4U,2017-08-03 12:34:14 Z
EmLmzg-2qx0,2017-07-02 08:35:23 Z
SCBCXV3HiMg,2017-06-19 01:42:57 Z
A9DyYxZ4Btg,2017-06-18 02:01:44 Z
w4804GN9Jbg,2017-04-30 01:33:24 Z
xGJ5a7uIZ1g,2017-04-09 04:20:52 Z
VXtajXEjaSI,2017-03-11 01:05:19 Z
hERYPGZTwoc,2017-02-25 01:36:05 Z
A9LUtXrrj_Q,2017-02-22 11:29:57 Z
7WUI1zQ5O_0,2017-02-21 10:03:12 Z
U8qrk3AePr4,2017-02-21 09:38:37 Z
1uBrQ8qPzrw,2017-01-31 02:26:29 Z
sj8ulkqIGd4,2017-01-28 10:13:52 Z
XUZbq-2YKTs,2017-01-28 04:04:06 Z
mB3ZtPeBCVI,2017-01-24 03:20:56 Z
fczH85-0BDk,2017-01-14 13:23:31 Z
AuAiJqszOns,2017-01-01 06:02:50 Z
t4kVh9WFt2E,2016-12-31 15:02:51 Z
VxA2rGvVqgo,2016-12-30 06:55:42 Z
kbGlTLWwCqg,2016-12-28 08:16:59 Z
kY3EXoaZrFs,2016-12-26 01:17:58 Z
bjPc8ep_2mI,2016-12-21 01:03:55 Z
gXpZlutZBSg,2016-12-20 23:28:38 Z
 -nBB9qqqt0U,2016-12-04 05:12:06 Z
n3me9lj9UN0,2016-12-04 05:00:03 Z
Vk4G0t05mWU,2016-11-18 13:25:24 Z
KmkbZTCxocc,2016-11-18 01:18:01 Z
Llnyq8gmp_Q,2016-11-11 13:17:46 Z
D_OVaIrt5us,2016-11-10 12:06:42 Z
yK_Huv7jjdQ,2016-11-08 13:27:52 Z
9PbXPB4oWhU,2016-10-27 11:13:26 Z
MHS-htjGgSY,2016-10-26 13:35:05 Z
rStL7niR7gs,2016-10-25 13:39:35 Z
LSfpE05rG1g,2016-10-25 13:24:35 Z
JcicQo4sdcA,2016-10-23 03:03:18 Z
sAMlGyaUz4M,2016-10-21 14:43:12 Z
2ij9burJ9d0,2016-10-15 13:18:16 Z
mc47xX9x_dU,2016-10-15 12:17:25 Z
A0Wk08f8mUU,2016-10-10 11:25:53 Z
dQw4w9WgXcQ,2016-10-06 23:07:47 Z
nV2neuNYaCU,2016-09-23 23:29:42 Z
wNu-XDnU_SI,2016-09-07 12:32:23 Z
L8lpWqBCz9Y,2016-08-27 01:28:22 Z
0iJZ_QGMLD0,2016-08-26 13:11:56 Z
70P-VlHqI2M,2016-08-25 12:04:17 Z
9MX5oYlpeYo,2016-08-19 11:07:04 Z
m1D02RnU1nU,2016-08-14 01:58:01 Z
jQliIqlmwsE,2016-08-05 10:08:32 Z
h2P9wsnCsS8,2016-08-04 23:38:30 Z
RjUAEQY2v7k,2016-08-04 11:29:01 Z
tnrfL2akJEM,2016-07-22 03:14:41 Z
_Xh2ilowBaA,2016-07-22 01:33:32 Z
VRTfHR_ywtY,2016-07-17 00:19:55 Z
Q00OZ_Xk24w,2016-07-13 01:35:50 Z
ne1qYkpBEsA,2016-07-12 07:46:31 Z
Ibi23HbTMXU,2016-07-12 02:58:42 Z
S4MYLh4GhNg,2016-07-11 03:58:41 Z
MFtwKJ8zoE4,2016-07-10 09:12:36 Z
e7ZUrdO4sN4,2016-07-10 07:54:10 Z
6WV9RmrHDKQ,2016-07-09 04:42:24 Z
PORymwGyTlc,2016-07-08 00:53:07 Z
gnWzuzMKUqY,2016-06-26 13:51:09 Z
Vm6khvkhLp0,2016-06-24 01:21:06 Z
43trFE1WXfs,2016-06-17 03:18:44 Z
bAcS-JJyOe8,2016-06-17 01:19:30 Z
a1MvEQ12P8s,2016-06-16 00:59:23 Z
PJxVhR_8opk,2016-06-13 00:12:56 Z
P-xYXYuNO_8,2016-06-12 13:14:25 Z
M1wAj82ExlE,2016-06-09 00:24:54 Z
jP3tHTk1xpI,2016-06-04 01:38:44 Z
TGQ2jhXU3kU,2016-05-28 01:14:00 Z
WKmmN-2C8lw,2016-05-28 00:26:19 Z
oErU150arpY,2016-05-27 23:59:49 Z
mSE8qlNBNS4,2016-05-01 04:55:05 Z
wVc7UJxyhYs,2016-05-01 03:04:05 Z
Cw6cFu--0vQ,2016-05-01 00:57:46 Z
18hSrAlZcc0,2016-04-30 13:46:13 Z
mzQ100m6KeI,2016-04-24 06:39:40 Z
VnU2J1kSD6M,2016-04-24 00:03:07 Z
UWjAIoHe8T0,2016-04-23 13:13:28 Z
q9CU0zb8o0g,2016-04-23 06:55:22 Z
3rHSo1LRJVE,2016-04-16 00:33:08 Z
aLpuwBMEomM,2016-04-14 09:53:42 Z
 -gBDktKfDwY,2016-04-13 00:59:04 Z
6yw2NPHPUys,2016-04-09 13:25:51 Z
THfBk-fAOSg,2016-04-07 13:13:19 Z
LewPiLwV1z0,2016-04-07 11:04:18 Z
q79a0Z1KBRk,2016-04-07 08:12:38 Z
_tyhjr_f-Rw,2016-04-06 13:26:00 Z
P3pVtgKyqlI,2016-04-06 10:57:25 Z
X-v7chhlLX8,2016-04-06 04:23:47 Z
PSRNvNkThGk,2016-04-05 11:19:56 Z
9mf2I2PfX_M,2016-04-05 02:34:02 Z
UFSdojradjI,2016-04-02 05:22:47 Z
7yjEUpRZ-HI,2016-03-26 05:06:45 Z
JSplmP6wFWQ,2016-03-26 01:25:47 Z
O_tRtytcwL8,2016-03-20 00:31:17 Z
EpcuGReWC9I,2016-03-13 06:27:18 Z
yvTdEcvQd_E,2016-02-18 02:14:11 Z
gSrnXgAmK8k,2016-01-04 10:24:16 Z
h83BjI3ic3Q,2015-10-03 08:18:32 Z
fkAcDRGp07M,2015-09-12 00:32:15 Z
DzO2AtFxLiY,2015-09-10 11:11:52 Z
ywyk1JbwN30,2015-09-09 11:45:36 Z
L51SBxgaKaU,2015-09-05 01:43:18 Z
rIFBZXvYpeA,2015-09-03 10:58:46 Z





