Playlist Id,Channel Id,Time Created,Time Updated,Title,Description,Visibility
PLb4lEWMJFne72vCN6FHgJpm8KbrOvzGy6,UCHrFl7L0nxm-RSJcptaw_-Q,2015-09-09 11:45:39 Z,2023-01-04 04:20:12 Z,Watch later,,Private





Video Id,Time Added
eAtyQ2ftk4E,2023-01-04 04:20:12 Z
BcW2ZzWQjIY,2022-10-16 16:34:11 Z
iTjKMcp0D1w,2022-04-08 05:18:15 Z
TAmGcoHcziY,2022-03-25 02:12:32 Z
DpYBhX0UH04,2022-01-15 02:33:25 Z
reLoK6ZK338,2022-01-14 08:54:23 Z
6ERXfZTFbFQ,2021-12-24 20:02:51 Z
8W91aPOHsv0,2021-11-16 16:20:50 Z
eED4bSkYCB8,2021-11-09 08:42:37 Z
Yzt2j54waPU,2021-10-24 07:27:21 Z
rR4n-0KYeKQ,2021-04-10 12:13:56 Z
vcRVuAzee-A,2021-02-06 09:17:16 Z
SH0WH7e1CVQ,2021-01-21 07:34:06 Z
mkGsMWi_j4Q,2020-12-13 04:19:31 Z
i7sm9dzFtEI,2020-08-27 09:56:36 Z
RudzhutfxY0,2020-08-07 12:15:34 Z
elQVZLLiod4,2020-05-24 11:36:05 Z
o1zNIm8GVPY,2019-08-27 10:35:56 Z
08yB_2pYr8Q,2019-08-23 10:39:26 Z
oP4Yq-WqVIQ,2019-08-06 09:52:05 Z
xEt_a2p0w5U,2019-07-25 06:29:22 Z
cqcQz5-_OeQ,2019-05-13 10:39:21 Z
igS5yW3Doi4,2019-03-09 14:46:37 Z
dOcthoTtDX0,2018-12-20 08:01:38 Z
xK5wAOnu3kc,2018-10-28 06:20:00 Z
kxkrdLI6e6M,2018-07-30 11:32:33 Z
QZWcODPvXlY,2018-06-08 03:38:58 Z
GQktO6KCWfY,2018-05-29 11:39:19 Z
B3WVwy82UQQ,2017-10-26 10:02:42 Z
 -tZMlv2v22A,2017-08-12 14:38:25 Z
7J2AhMZ7wdQ,2017-06-19 03:05:43 Z
JOYF4hvqDKI,2017-06-14 05:38:56 Z
CX6qGHqNMew,2017-06-13 03:03:26 Z
3Jcx09rdKp0,2017-06-08 13:18:12 Z
xuCn8ux2gbs,2017-05-16 11:56:18 Z
saM9wMmMI8E,2017-01-05 09:42:47 Z
5fm80yMi07Q,2017-01-01 12:48:03 Z
1KzOrOdchTk,2016-09-24 05:20:59 Z
R6TUvYCrdvM,2016-08-28 09:30:38 Z
B6Yx-n4Gkcs,2016-08-27 05:02:43 Z
8A41X1RbKdk,2016-08-26 14:10:42 Z
KHG0kKFLPEw,2016-08-21 13:21:39 Z
fQrkChzoFmA,2016-08-07 08:59:53 Z
NIhXPkUFGpU,2016-08-06 13:12:42 Z
wv9weSPX4tU,2016-08-06 12:58:56 Z
gg85IH3vghA,2016-07-09 08:31:05 Z
_nKqjt6pu0k,2016-06-30 09:31:44 Z
hhn-RzMELhY,2016-05-29 13:01:14 Z
EaW6IiWKHAk,2016-04-23 11:30:58 Z
7TXEZ4tP06c,2016-04-02 13:53:40 Z
eTEyE8iOQbA,2016-03-05 14:04:37 Z
YLzxaJ4jR3w,2016-01-24 04:46:54 Z
RZp7BvQJnU8,2016-01-05 13:19:16 Z
ZepESdbcfFo,2015-11-20 01:00:57 Z
aEb573aGQpA,2015-10-06 09:57:35 Z
9J3yco3Zdcg,2015-10-03 04:26:51 Z
d6a6zCtwOkc,2015-09-24 12:15:05 Z
ywyk1JbwN30,2015-09-09 11:45:42 Z





