Playlist ID,Channel ID,Time Created,Time Updated,Title,Description,Visibility
PLGM7iv1HrU0JEPDKG19Uc8qc-cd2NhcY-,UCniTapeia3rHT7NiJ0ZuOVw,2019-01-29 16:34:38 Z,2023-03-20 01:42:27 Z,Anime,,Private





Video ID,Time Added
02_nNaMzPZE,2019-01-29 16:34:49 Z
2hOMVeFH0Bs,2019-01-29 16:34:58 Z
 -nY0hvNOR_U,2019-01-29 16:35:10 Z
AjFuf32Fh0I,2019-02-03 03:20:15 Z
QKfN_ve-eoY,2019-02-11 18:32:42 Z
PPqETVFYt5Q,2019-02-11 18:32:49 Z
iJHASLCXA-w,2019-02-11 18:32:56 Z
0pg3aKD5WCE,2022-10-26 20:14:42 Z
CO2Y9irh94k,2022-11-03 06:06:26 Z
hJsMCfrGdK8,2022-11-06 06:34:12 Z
_DwbXmr70C0,2023-01-10 22:51:49 Z
Il7QJbFW8Oo,2023-01-10 22:51:59 Z
RwOrXNoDorw,2023-02-04 04:32:49 Z
m5gqhN2FqyY,2023-02-12 11:54:18 Z
SedrX9I1yXY,2023-03-17 01:12:33 Z
B_Pd4EvwpQY,2023-03-18 09:41:44 Z
R7d4RVErvLM,2023-03-19 01:24:35 Z
uLXChnT8MMY,2023-03-20 01:42:27 Z





