Playlist ID,Channel ID,Time Created,Time Updated,Title,Description,Visibility
PLGM7iv1HrU0KKHqQm2r9GEj5w79uRvEoj,UCniTapeia3rHT7NiJ0ZuOVw,2020-07-06 04:01:57 Z,2023-03-06 02:06:58 Z,Fate,,Private





Video ID,Time Added
BOOOXNIHlUI,2020-07-06 04:02:05 Z
qPbA0mMGsSg,2020-07-06 04:02:31 Z
lA0a22MM6m4,2020-07-06 04:01:57 Z
iw2FAJcQbWM,2020-07-12 05:07:20 Z
xDarqGKWwQQ,2020-07-06 04:02:43 Z
j0KnBHHOJ0k,2020-07-06 04:02:18 Z
8mK_0up-LMc,2020-07-06 04:02:48 Z
emb66UNsr54,2020-07-18 06:22:17 Z
CFVT5fOlFFc,2020-07-27 03:11:53 Z
Xlv5sArNFVM,2020-10-12 07:43:11 Z
Ok-eSJNChss,2020-10-12 11:36:05 Z
c4SjGWBpmmI,2020-10-12 11:36:38 Z
ANakxYsCjvA,2021-01-15 09:50:53 Z
rjMIiVMfT5Q,2021-05-27 15:02:32 Z
kT-nG4KSCrc,2021-06-07 13:42:00 Z
ChKAKj--e6E,2021-06-24 18:24:23 Z
nrvfKYc9lcU,2021-07-27 03:32:54 Z
G3o43IcMTMA,2021-08-07 21:17:29 Z
WvwVWEINDqU,2021-08-10 22:55:44 Z
RwOrXNoDorw,2023-02-04 04:32:50 Z
m5gqhN2FqyY,2023-02-12 11:54:16 Z
ZMSz2hQc4Vs,2023-02-12 12:01:56 Z
 -glzY4LVDBY,2023-03-06 02:06:58 Z





