Playlist ID,Channel ID,Time Created,Time Updated,Title,Description,Visibility
LLniTapeia3rHT7NiJ0ZuOVw,UCniTapeia3rHT7NiJ0ZuOVw,2012-10-20 08:50:58 Z,2023-04-19 23:33:01 Z,Liked videos,,Private





Video ID,Time Added
qeaPasEjlqg,2023-04-13 23:02:59 Z
ZuS9T7Qo_sA,2023-04-13 22:55:12 Z
50MusF365U0,2023-04-12 09:40:36 Z
gm90fRC4pZg,2023-04-12 01:41:47 Z
vXmJsnXPor4,2023-04-09 05:25:33 Z
Wd7RIGl5MyM,2023-03-29 09:21:54 Z
QwnUMnkcdDk,2023-03-28 09:01:44 Z
KuXjwB4LzSA,2023-03-27 06:15:31 Z
YqPYDWPYXFs,2023-03-19 09:43:27 Z
xWhQdt-FafY,2023-03-17 01:13:38 Z
CsJOS7PVkPc,2023-03-14 05:00:22 Z
KaW1Sj9mTK4,2023-03-12 05:24:30 Z
jQ_DfORb3kw,2023-03-12 01:07:42 Z
5t9AQX0Hd9o,2023-03-10 00:19:46 Z
_flKbsZoAHg,2023-03-08 09:22:53 Z
 -glzY4LVDBY,2023-03-08 00:17:35 Z
_9LX9HSQkWo,2023-03-04 21:34:02 Z
YYvLEbC3kn8,2023-02-28 18:50:22 Z
2WyVMUoexZQ,2023-02-17 21:20:41 Z
sDDjJRnnHao,2023-02-13 01:56:11 Z
dIkpMyBLY9A,2023-02-03 22:03:07 Z
LNGbLMctfRQ,2023-01-25 19:12:30 Z
4GASGO0go5I,2023-01-24 10:21:05 Z
MEbLt79btVg,2023-01-12 01:11:23 Z
Oa17fRyxTnw,2022-12-10 22:22:33 Z
oIpeH08C_AY,2022-12-08 23:17:10 Z
ymQ3wEIq84Y,2022-11-30 04:05:22 Z
BMvqvnyGtGo,2022-11-27 21:21:05 Z
y2YtIBYM4w0,2022-11-27 08:25:51 Z
g-voQsFY6SE,2022-11-21 08:03:10 Z
xnxfYLKw-fc,2022-11-18 23:10:16 Z
p2ZSu0V0tos,2022-11-15 00:00:16 Z
CO2Y9irh94k,2022-11-03 06:06:16 Z
oJNvxYEcVAY,2022-10-17 17:00:51 Z
WVXzwnU1H6U,2022-10-12 01:56:53 Z
yKELA1qBAKA,2022-10-08 01:14:37 Z
X0ZvX_Sm0cI,2022-10-07 23:33:38 Z
d1fQr-2b4d8,2022-10-07 21:30:38 Z
iSMpTmibeDw,2022-10-07 21:21:29 Z
Ip9VGZeqMfo,2022-10-07 05:12:37 Z
caxMMMuYR14,2022-09-14 04:40:35 Z
OFEc6KLDxVQ,2022-09-13 05:31:23 Z
_5HPxRnOVCQ,2022-09-03 19:15:34 Z
IDCv59vlmGw,2022-09-03 18:32:52 Z
yqeuS43-69E,2022-08-29 04:38:59 Z
4mf5uRMlyXA,2022-08-28 16:57:27 Z
87aiZ9H83GM,2022-08-28 16:21:06 Z
TajZ3_uqlbU,2022-08-27 01:08:53 Z
Y2h-1H-WIeY,2022-08-26 02:25:38 Z
U2RccPe9e-E,2022-08-11 17:27:42 Z
JOJWbV-ufk0,2022-08-05 15:28:59 Z
A4kLcDWBYcQ,2022-08-03 13:51:09 Z
zqTQotMQvug,2022-07-31 20:00:58 Z
I6EKOnqlN48,2022-07-30 03:58:49 Z
0vxvEf1coZQ,2022-07-27 23:23:50 Z
saxNPy6nlVg,2022-07-23 19:59:42 Z
gRudqI3J0CY,2022-07-16 19:27:15 Z
78SAV77By2I,2022-07-15 19:12:10 Z
1JKLM45aIik,2022-07-14 05:29:44 Z
p7pylzQvxvQ,2022-07-13 07:08:23 Z
hDnEKJlLpFQ,2022-07-09 15:38:05 Z
MVUerDv4GNE,2022-07-08 19:10:38 Z
_YZYcq0yy-Y,2022-07-07 03:43:14 Z
QVQnlEHTft0,2022-07-04 16:15:41 Z
GAb-YpWzM_c,2022-07-04 02:50:00 Z
DIsO7B8Ftfk,2022-07-01 21:43:55 Z
Ys6VdaRguYU,2022-06-19 06:42:26 Z
p6f3cElLY1s,2022-06-14 23:08:56 Z
JhoyUwjNcZ0,2022-06-08 21:14:58 Z
sCu8-aCSZbE,2022-06-08 03:20:45 Z
f9S6ArF5b9k,2022-05-24 08:56:39 Z
TompiUbBe5E,2022-05-21 23:10:47 Z
Z5NoQg8LdDk,2022-05-19 06:53:28 Z
OwEC2s2hQx0,2022-05-05 20:23:26 Z
E89RjF1I1n0,2022-04-29 03:47:33 Z
xg6gL_feXW0,2022-04-25 06:57:46 Z
xIzmFRX0vfs,2022-04-15 20:54:12 Z
fxdAVrHftk4,2022-04-13 06:50:59 Z
uBzelJ70lCM,2022-04-08 19:04:21 Z
0GuO9_kK_RY,2022-04-06 19:54:54 Z
N46x3_cObxM,2022-04-06 05:52:45 Z
bMOF0Go6brw,2022-04-04 07:30:36 Z
U8SP6Iy6qAY,2022-03-29 16:09:27 Z
spYQ5ITAlGI,2022-03-29 16:07:26 Z
 -btTC-bepAk,2022-03-27 17:54:00 Z
1zICFZOcvck,2022-03-25 23:47:23 Z
HYry3tqBLTw,2022-03-24 05:05:43 Z
tYs_ex434Ig,2022-03-22 11:11:27 Z
Oia0SkqBx0k,2022-03-18 03:19:40 Z
XflisXO5mIQ,2022-03-13 21:06:11 Z
c6MW-qdNoYA,2022-03-07 20:26:08 Z
TlW1tN34MZU,2022-03-06 10:06:23 Z
N-RZIF9WCPg,2022-03-06 00:27:21 Z
GYI5Z3jhKB4,2022-03-04 21:17:58 Z
z0339SUMLZg,2022-03-01 20:32:03 Z
5zOHSysMmH0,2022-02-26 20:11:45 Z
FkHk_G_zNxg,2022-02-15 21:59:50 Z
QE72VUyHam8,2022-02-13 23:13:04 Z
OvjZd4ZuwRI,2022-02-12 05:26:53 Z
BIA1IlZKYoQ,2022-02-11 01:11:59 Z
or5A_ZzB6YI,2022-02-08 07:12:27 Z
liufHrk4vDw,2022-02-07 07:20:31 Z
9EUJcGGoHSo,2022-02-05 05:20:52 Z
Opp9nqiN5m0,2022-02-03 01:32:27 Z
-73dsJqm0AI,2022-02-02 06:46:04 Z
y_2FG2zM4Mw,2022-01-31 03:52:58 Z
fOGdb1CTu5c,2022-01-30 01:12:43 Z
bQyhBfnhIDY,2022-01-28 23:21:22 Z
gto66c0pmdM,2022-01-26 18:24:27 Z
BzgyXd4Rfss,2022-01-21 20:29:41 Z
g0YE9Ofww7s,2022-01-21 03:31:25 Z
lw51UR6Qoy8,2022-01-19 23:39:37 Z
SGUWR36n3pk,2022-01-19 19:42:31 Z
dJf4wCdLU18,2022-01-18 01:51:49 Z
zW_tg3tr3ak,2022-01-18 01:41:48 Z
vGuQmXFmHlU,2022-01-17 02:17:34 Z
j-xC8cYxFbw,2022-01-15 21:53:10 Z
vS_hoe_V2Vs,2022-01-14 17:19:56 Z
9lnh--ZOPyo,2022-01-09 19:00:46 Z
uF1yHISzIGA,2021-12-25 06:02:04 Z
sF3rTAJJQtk,2021-12-23 23:12:21 Z
CnX1mMeH3Ik,2021-12-16 04:58:41 Z
4l7fhxNrrrM,2021-12-13 23:05:26 Z
gBBB3nyakRA,2021-12-13 10:03:12 Z
1XKE8EOtwpg,2021-12-12 00:00:07 Z
QFgcqB8-AxE,2021-12-07 00:59:09 Z
pWdHBCvah1Y,2021-11-27 07:07:19 Z
pHwvVPT202Y,2021-11-27 05:39:54 Z
pkJ1iRPF_04,2021-11-25 03:31:37 Z
Tjwxr6SJIUw,2021-11-12 08:53:00 Z
ihgWUo6tvJQ,2021-11-10 04:26:34 Z
757oGVbIaMI,2021-11-10 04:22:04 Z
cx7VnKMZew4,2021-10-30 04:21:53 Z
l4YZiKbklAE,2021-10-24 08:04:16 Z
OMrkUUNvM48,2021-10-22 07:49:23 Z
fU4zb23tKLM,2021-10-22 06:28:33 Z
anvuA61V9b4,2021-10-20 22:10:27 Z
FkKziBGFYOE,2021-10-18 17:54:16 Z
j4W89RXpFbI,2021-10-17 21:39:07 Z
e4Sk59QwYyE,2021-10-16 00:36:17 Z
3-bRMREsYrg,2021-10-11 03:54:11 Z
iJk9a4Zyx3I,2021-09-30 05:59:56 Z
sWQIkO7txq4,2021-09-28 05:40:19 Z
evbm3klhYR4,2021-09-26 21:14:06 Z
SWNGOiDzOfE,2021-09-25 23:34:02 Z
lIzvsFPdDPg,2021-09-25 08:05:53 Z
F6Z8USLkv9c,2021-09-23 03:07:27 Z
YRU7MZWDmgg,2021-09-22 15:27:36 Z
8cmLgVxu8vo,2021-09-22 07:27:34 Z
piW2_t0fjm4,2021-09-20 16:49:45 Z
au52DD_SaWg,2021-09-15 09:16:01 Z
WpRcRYoHqxE,2021-09-14 08:26:18 Z
5L-fEuxHuA4,2021-09-14 07:40:09 Z
HIRiduzNLzQ,2021-09-13 15:42:43 Z
GQ3V50XoLOM,2021-09-13 05:39:46 Z
lKtbaAJ7-iY,2021-09-12 20:27:04 Z
pVN7E64mfqY,2021-09-10 19:03:28 Z
aWx7zLf6CSo,2021-09-09 20:18:07 Z
Rym-HAf7WTg,2021-09-08 19:47:51 Z
DX62kOvZc3c,2021-09-08 18:00:21 Z
3O_7O9_nV10,2021-09-07 18:11:50 Z
z1W4c7ym49Y,2021-09-07 12:30:04 Z
W2ewYAEB3o8,2021-09-07 11:29:47 Z
8-rKCWmlfJw,2021-09-06 22:11:26 Z
cm-l2h6GB8Q,2021-09-06 19:11:49 Z
EMSLvLGWGaw,2021-09-06 15:10:43 Z
3mJRah9nCLU,2021-09-05 18:02:47 Z
RQAlW4yR28k,2021-09-04 21:03:01 Z
2V84JOFuoPU,2021-09-04 09:29:09 Z
U47XTm5CmjE,2021-09-04 09:22:02 Z
VVR3B01NxiM,2021-09-02 22:51:58 Z
Omw72jT53_A,2021-09-02 09:57:53 Z
Dm4TAdiEFn0,2021-09-02 09:00:19 Z
KUaTxT3qLPw,2021-09-01 16:24:47 Z
cjAO3xbF5hQ,2021-08-31 19:17:43 Z
HRLZNR0nQ2s,2021-08-30 08:12:52 Z
dJMpcIqlUjM,2021-08-29 11:30:52 Z
F8iJhvf8CSg,2021-08-27 22:21:16 Z
m-59h6u4Lg8,2021-08-26 17:15:08 Z
wNMW87foNAI,2021-08-24 20:16:50 Z
qm0z8f3WXOs,2021-08-22 23:20:01 Z
BzLU6ZYjFE0,2021-08-20 18:08:59 Z
y2MZe0kGuGk,2021-08-20 15:03:53 Z
5McDj8foiOk,2021-08-18 19:10:02 Z
vERzY07nbLc,2021-08-17 18:36:22 Z
TRQjq6EZJSM,2021-08-16 11:32:20 Z
zKn-p080Mb4,2021-08-13 21:43:36 Z
fd3C7KBjlz0,2021-08-11 19:36:15 Z
yOjJy4VL-cY,2021-08-11 19:33:52 Z
NVZBn5zw7kc,2021-08-10 10:19:36 Z
Ly6k9j3FTZo,2021-08-08 13:01:49 Z
r5inVONkOKQ,2021-08-07 17:38:27 Z
xEuQiC9T5jc,2021-08-06 16:35:34 Z
u7MDvpFwy5E,2021-08-02 09:16:20 Z
fYjdEHn2pWs,2021-07-25 10:06:35 Z
R1thcGolggg,2021-07-25 09:53:36 Z
AlJpb7wCr2U,2021-07-19 22:48:10 Z
U1MYMVfyHi0,2021-07-19 22:36:01 Z
h3ozZovBWPQ,2021-07-19 09:23:03 Z
xh1mM4hE0q8,2021-07-19 08:58:45 Z
xgIl1vmIchA,2021-07-18 19:32:40 Z
965BLLWv8h8,2021-07-11 20:28:12 Z
jFIKDHetyFw,2021-07-10 18:37:44 Z
RrplLEQQMnE,2021-07-04 09:34:03 Z
0582TMsrvns,2021-07-01 20:19:25 Z
vQJ1wSQAHSI,2021-07-01 08:48:42 Z
YLqg4T4cqNg,2021-06-27 17:54:10 Z
p58vMcNXTBc,2021-06-25 18:25:09 Z
xHzJG1hHTdU,2021-06-20 19:39:43 Z
bJCA-6wzbj0,2021-06-17 20:33:59 Z
x2XK5nxm5r0,2021-06-17 07:58:32 Z
iEjvVcdCDB4,2021-06-16 19:17:06 Z
1agKagI1dT8,2021-06-14 17:48:31 Z
Af-Ursj0S-o,2021-06-14 04:05:03 Z
1eAauKHR72A,2021-06-11 19:32:07 Z
E3Huy2cdih0,2021-06-11 08:52:04 Z
NDKWgza6ZsY,2021-06-09 18:13:49 Z
L4qGi1f1CkI,2021-06-08 15:09:47 Z
T-rIWP1icf4,2021-06-07 18:40:58 Z
kT-nG4KSCrc,2021-06-07 13:23:39 Z
6hHRv9F1Q1g,2021-05-30 20:10:32 Z
a1tPaZyq8pk,2021-05-30 16:29:37 Z
3aM1rVv2T3o,2021-05-28 22:47:02 Z
SfRKGZm5nIs,2021-05-28 17:48:31 Z
xYTmzBYvWGY,2021-05-28 15:40:06 Z
O8v5S1nhKzo,2021-05-28 00:11:05 Z
9_i2rm9YpD4,2021-05-27 23:21:30 Z
aP3md_-xLe0,2021-05-27 21:56:58 Z
j1hft9Wjq9U,2021-05-25 23:18:16 Z
4tZFV4xX8-Q,2021-05-23 21:00:53 Z
6vAEFlpXJiQ,2021-05-23 19:40:12 Z
YTTnA4MQkg0,2021-05-23 17:44:36 Z
YYhBwu3UNcg,2021-05-21 08:41:10 Z
rQLeuVI2boE,2021-05-20 11:23:04 Z
LfmD9HLO5j0,2021-05-15 22:27:42 Z
r3nhttUMhrI,2021-05-09 21:19:13 Z
WXutetHZgNM,2021-05-09 18:59:25 Z
1cL4tc8t3JE,2021-05-09 17:49:28 Z
zWt4XCqRCgA,2021-05-06 16:21:29 Z
qhN-o2ame-4,2021-05-05 09:38:12 Z
UZW2hs-2OAI,2021-05-03 21:04:50 Z
x7pSkVarixU,2021-04-30 09:47:48 Z
h6j7cGI3ZaQ,2021-04-24 21:38:00 Z
nvVafMi0l68,2021-04-22 09:09:08 Z
K04E2ioLFrE,2021-04-21 17:53:03 Z
_7td0FVngWE,2021-04-19 08:03:36 Z
h9XzuUXj6Gc,2021-04-18 17:45:27 Z
avckHqT5LoQ,2021-04-16 10:57:05 Z
N-NxKVAa86E,2021-04-12 11:28:01 Z
Cw7MSbLs3Uo,2021-04-10 18:22:31 Z
BiFNzyA3oaE,2021-04-09 18:58:51 Z
Fx9SYG0-hYw,2021-04-05 09:26:25 Z
Ooj43mspaPY,2021-04-04 11:42:55 Z
WxBHY80nvqY,2021-04-03 18:31:31 Z
JTFS9P_0rDs,2021-04-02 19:49:01 Z
M400lV0GNV4,2021-04-02 12:21:03 Z
dJwjqZZgcWk,2021-04-01 17:45:48 Z
obng-x8oAk4,2021-04-01 08:44:03 Z
HvTZTQNqpEQ,2021-03-31 12:12:13 Z
Af0OF5fqirM,2021-03-28 10:23:47 Z
U6XuYRkwFdk,2021-03-26 03:23:30 Z
vrGf4nJWVOU,2021-03-25 05:41:14 Z
gbf1RuXy3yo,2021-03-25 05:07:09 Z
CwF8DYf5dDc,2021-03-19 22:42:13 Z
EqWAAfsJ5Sc,2021-03-15 21:25:57 Z
AWEm4tA2hMc,2021-03-13 05:35:35 Z
gshTM8MeGcg,2021-03-12 04:00:54 Z
ZtZaR7EcI5Y,2021-03-10 23:15:35 Z
yt4PO_lfe0o,2021-03-10 00:21:29 Z
yVyEpnKQ1zI,2021-03-09 20:30:21 Z
ol6xlwiZdNs,2021-03-06 22:45:10 Z
C6_pDRdIo1k,2021-03-06 21:47:15 Z
k7RM-ot2NWY,2021-03-04 20:32:43 Z
9l1p7zolPyY,2021-03-03 19:50:14 Z
iYfsiT9r9vo,2021-03-03 19:43:35 Z
BEzKwYTQX2s,2021-02-26 21:57:23 Z
8B6cQPybKW4,2021-02-14 19:55:17 Z
_k047W5r9qk,2021-02-10 11:29:00 Z
hXHRvHwW1_o,2021-02-05 21:44:52 Z
KEtsFClW4Q0,2021-02-05 20:55:51 Z
nlwlKEeJ0vU,2021-02-03 23:54:17 Z
9lC_gA9CZAA,2021-02-03 22:41:12 Z
_M-6lkoi6L4,2021-02-02 21:23:14 Z
PRR7LAis7-E,2021-01-29 22:57:58 Z
CRAqd5EMnrk,2021-01-28 20:24:01 Z
lh2w0dNqq-s,2021-01-26 20:54:23 Z
tKhX5jA_LlQ,2021-01-26 20:44:42 Z
RMAxJifaWDM,2021-01-26 11:18:59 Z
 -JvmKoChWUY,2021-01-24 16:49:23 Z
V2AWjDjwM-w,2021-01-23 11:03:49 Z
fvCz4eN8A7U,2021-01-20 13:17:40 Z
6p5x0nxtqVs,2021-01-12 21:22:30 Z
kSD-IYQ3JdM,2021-01-10 19:42:42 Z
ANakxYsCjvA,2021-01-08 08:49:31 Z
URZHEqOMsU8,2021-01-02 07:54:41 Z
v8X5YDzVgeo,2021-01-01 07:39:39 Z
kjyeCdd-dl8,2020-12-30 17:01:10 Z
ROaj3bCpZEM,2020-12-30 15:02:07 Z
HiTqIyx6tBU,2020-12-30 14:54:39 Z
AESyAH89e2o,2020-12-28 09:14:41 Z
qr3_jU0CCH4,2020-12-23 08:06:37 Z
EKVjMAG4ues,2020-12-21 08:09:39 Z
L6FpoblNZ4g,2020-12-20 08:54:21 Z
uHQ4WCU1WQc,2020-12-20 08:42:50 Z
sWLMbmAv0tg,2020-12-20 08:04:24 Z
_7X6Yeydgyg,2020-12-20 06:25:54 Z
7d9m8w5CZVg,2020-12-17 18:21:16 Z
1W_TIqJbxRE,2020-12-16 09:42:02 Z
AE5n-LPf1rM,2020-12-13 11:05:07 Z
MrciXNtHIm8,2020-12-12 20:47:55 Z
8-9wNeYiua8,2020-12-12 16:09:41 Z
df3foPky_iE,2020-12-10 21:10:35 Z
Gqzg8tw6t0E,2020-12-10 18:02:40 Z
r3Ottnh8T0Q,2020-12-08 19:16:59 Z
GgOE64kgjjo,2020-12-08 16:33:10 Z
ubYYFC6X9VI,2020-12-08 05:51:50 Z
9Hdner_zO9g,2020-12-07 18:45:54 Z
_XkKufyIiAY,2020-12-07 15:21:19 Z
iEyulXrdl3A,2020-12-06 19:16:18 Z
IcjgrB9vTec,2020-12-06 17:13:04 Z
u7JnoRy2vng,2020-12-06 17:07:25 Z
RVcIug5461k,2020-12-06 06:24:08 Z
lPDgjyfZBT8,2020-12-06 06:17:12 Z
wH8RjynXqSI,2020-12-03 20:46:53 Z
1EvojJktw4o,2020-11-29 17:32:16 Z
7I93yVbSqm4,2020-11-29 08:12:55 Z
rIjg3qyDkQs,2020-11-27 11:35:39 Z
tCIQ4N6HXYQ,2020-11-24 16:58:22 Z
xl125ZovpAA,2020-11-22 17:54:23 Z
LwJDay3fp1g,2020-11-22 06:24:19 Z
Gj5lJWy0TYk,2020-11-18 18:44:04 Z
8IcKS1maUIc,2020-11-17 08:13:15 Z
5cQJ2K5pewI,2020-11-15 19:48:29 Z
 -W3E91Vqj6A,2020-11-15 17:24:47 Z
c4SjGWBpmmI,2020-11-15 13:08:25 Z
UB_3uDniiU8,2020-11-12 08:19:52 Z
UIsRrtMy6OM,2020-11-11 19:09:04 Z
TcJ9TnjglcY,2020-11-11 14:36:21 Z
1wK5nD5gKZ4,2020-11-10 12:29:57 Z
yUykAB_abt4,2020-11-10 11:54:43 Z
p8iA7N1iN_0,2020-11-09 14:15:21 Z
HFqyRkYdPtQ,2020-11-09 13:35:11 Z
98s0s3VWwho,2020-11-09 12:20:23 Z
K7mVSnH1BtI,2020-11-01 09:21:54 Z
aELbs4ImuCA,2020-10-31 16:21:48 Z
sCcv9uqSBU0,2020-10-31 09:42:26 Z
kfnqFJfNUwY,2020-10-31 09:11:51 Z
jdVso9FSkmE,2020-10-27 21:13:25 Z
qxOeWuAHOiw,2020-10-24 17:41:31 Z
6_6zwVNn88o,2020-10-22 20:56:32 Z
Xlv5sArNFVM,2020-10-21 06:44:51 Z
j7QwJ-M_GAI,2020-10-20 17:50:04 Z
HzeTEn8Iqzo,2020-10-19 14:19:25 Z
pJCCETtOLa4,2020-10-18 18:10:49 Z
0ltNJ3yflzA,2020-10-18 16:50:29 Z
CIY8xMLvZDM,2020-10-17 13:47:59 Z
lFn95GM7F8k,2020-10-12 05:26:18 Z
t0pgPrBogE8,2020-10-11 08:08:15 Z
zyuwyIrw1pQ,2020-10-10 16:39:33 Z
CaAY-jAjm0w,2020-10-08 10:42:15 Z
EB89JYZlc9s,2020-10-08 08:30:20 Z
YnYwXW5t7eo,2020-10-06 07:40:35 Z
1j8eKeZBAJs,2020-10-05 16:59:52 Z
CyfbJ1iP6JM,2020-09-30 03:42:00 Z
F_Bl7JXQUTg,2020-09-30 03:40:35 Z
qHNVzpIWDGw,2020-09-29 17:44:31 Z
7mUQS-QU2Aw,2020-09-29 09:13:42 Z
QtsRTkCvWVM,2020-09-29 09:07:05 Z
H9mvz8wqlAM,2020-09-29 09:00:35 Z
z69Pjl_gEu8,2020-09-26 16:24:08 Z
GSUWvaa-ZSc,2020-09-26 07:27:23 Z
Gy-L33OKitM,2020-09-22 15:26:54 Z
tqkl_VS0LMw,2020-09-22 10:12:43 Z
C2EfChhlEYo,2020-09-21 15:16:55 Z
CypVuxPr4z8,2020-09-19 08:45:35 Z
Q5gHzWO4LLg,2020-09-18 08:57:55 Z
iEsLzh0xLZc,2020-09-17 04:21:08 Z
5LBYddiLLP4,2020-09-12 11:19:52 Z
4oonXGnZW4M,2020-09-11 04:45:10 Z
IdoD2147Fik,2020-09-10 12:16:22 Z
-5q1yxRni28,2020-09-08 18:37:05 Z
wS9hVmYqULQ,2020-09-04 12:24:30 Z
Tn_a-xAPWwE,2020-09-03 05:48:11 Z
VcfOpR-ibCE,2020-09-02 10:43:05 Z
y7wC7Y4ZUW0,2020-08-29 10:21:29 Z
sUlzvH1R6ng,2020-08-29 07:07:36 Z
KQj0eXtsObU,2020-08-29 04:44:10 Z
amCsM265Lw0,2020-08-25 10:06:42 Z
HSOuLJtDRFA,2020-08-25 05:05:56 Z
6inkO_0Xmgk,2020-08-23 03:33:22 Z
GMCxI2KJp3Y,2020-08-22 02:53:10 Z
vXTnsnqvEgE,2020-08-19 05:25:45 Z
d0SFZAT14BQ,2020-08-18 05:07:05 Z
l7kK9bxEGMg,2020-08-17 16:02:38 Z
G0FrnzXejwQ,2020-08-17 15:38:32 Z
uKt7BMUy-40,2020-08-17 13:10:26 Z
6BCUIT70fWs,2020-08-14 15:48:51 Z
WLWZBeX-isM,2020-08-12 12:04:28 Z
PsO6ZnUZI0g,2020-08-11 06:44:12 Z
M9Pmf9AB4Mo,2020-08-11 04:29:54 Z
hfXsxQxZZp8,2020-08-08 14:50:47 Z
0ei80_jPw4c,2020-08-08 06:47:44 Z
Lzdj_u_CmbY,2020-08-02 15:52:31 Z
j7T6__UbhBI,2020-08-01 10:59:59 Z
tzNjnpiYPNg,2020-08-01 05:41:25 Z
X4bgXH3sJ2Q,2020-08-01 04:41:41 Z
G42RJ4mKj1k,2020-07-30 08:28:12 Z
9HMsyNpw400,2020-07-27 13:06:53 Z
e-DGCAdR7_E,2020-07-27 02:56:21 Z
RY0R0NpIdQQ,2020-07-26 13:04:53 Z
BG6EtT-mReM,2020-07-26 12:44:04 Z
G8YEpH6HtsU,2020-07-26 07:19:19 Z
wptZGgsMGuA,2020-07-25 18:59:05 Z
ugLKRVUqvsw,2020-07-25 17:49:21 Z
4IBegL_V6AA,2020-07-25 14:46:48 Z
hfJ4TxTIDKU,2020-07-25 13:23:43 Z
OK2zgeJLVwU,2020-07-24 18:20:38 Z
gLJowTOkZVo,2020-07-24 06:24:35 Z
EK_3Cb_mEh4,2020-07-18 16:20:31 Z
EaPgzh32byk,2020-07-15 15:10:11 Z
ALbVEmzY5S4,2020-07-15 09:40:26 Z
3K3VdVbBOxw,2020-07-14 07:44:39 Z
i85_a41fYu4,2020-07-14 02:14:37 Z
dgZDICFDY5o,2020-07-11 09:39:06 Z
McXJj7sjcZ0,2020-07-10 16:41:58 Z
D-x1vIxi7dU,2020-07-10 15:08:37 Z
GrAlpOunis4,2020-07-08 11:23:01 Z
9OBh4CyplCU,2020-07-06 12:46:46 Z
VAVDl1ms7JE,2020-07-04 16:01:24 Z
vEtlC9Sl4_Q,2020-07-04 03:33:49 Z
4Wtxqge8p7I,2020-07-02 09:06:03 Z
d_eFPVcUL4o,2020-07-02 08:29:20 Z
y-Dpk2Tme1Y,2020-07-02 07:11:07 Z
qiv4uxIBC64,2020-07-01 13:40:54 Z
tzmCs2DUdmo,2020-06-28 02:12:41 Z
1lE2WxV9WTw,2020-06-27 16:46:11 Z
MzG1vyZDHl0,2020-06-26 16:34:00 Z
uh00a-I4hxs,2020-06-26 14:33:09 Z
O194kb95pac,2020-06-25 16:50:50 Z
hBht8vlyB9Y,2020-06-25 10:01:57 Z
I7OcL8j6rhk,2020-06-25 05:12:23 Z
a74f2EKK72E,2020-06-25 03:03:28 Z
Z2anWvbM0KY,2020-06-22 12:24:08 Z
kziZezg0s0Y,2020-06-22 03:21:14 Z
5d3nhRaMBhI,2020-06-20 15:55:46 Z
M4gJm8fHOvw,2020-06-19 14:02:06 Z
bL5RzI5LyVc,2020-06-17 10:38:16 Z
3Gk6BOtv8_k,2020-06-16 06:22:27 Z
lVHaes7SKv8,2020-06-15 08:06:35 Z
GO_rW0Bvy1I,2020-06-13 05:02:03 Z
YKIhyO9XAXU,2020-06-13 04:45:19 Z
3E0JIBNlmco,2020-06-13 03:29:27 Z
ItRqk7uHwQ8,2020-06-12 09:15:09 Z
42AvJ12ir5I,2020-06-12 09:11:33 Z
HuWKGJ8aTBw,2020-06-12 02:23:16 Z
UxFNHW9iLxg,2020-06-11 13:50:46 Z
w7POcpSRPl4,2020-06-10 01:49:26 Z
MNwcj6V9asA,2020-06-09 10:09:32 Z
CIvtiNpKEY0,2020-06-07 16:01:38 Z
pE9aZs1MM64,2020-06-07 14:06:56 Z
uNDjVH5qiyM,2020-06-07 05:38:50 Z
KqXYKjkVf9Q,2020-06-06 07:23:58 Z
m9L8k8M8zRc,2020-06-06 00:29:16 Z
7OvuRz3jccU,2020-06-06 00:18:31 Z
vMgVUakDyH4,2020-06-05 07:37:13 Z
ZPas3GQ18hc,2020-06-05 03:50:40 Z
NpP02s3EJ44,2020-06-05 01:36:04 Z
wYo07fFGR4I,2020-06-05 00:08:16 Z
eA9Tpf5Uuxs,2020-06-04 04:30:46 Z
TxEZcP5hmP8,2020-06-03 10:18:48 Z
YFeqYRuRwtY,2020-06-03 04:26:39 Z
MAlSjtxy5ak,2020-06-02 06:15:08 Z
0fu-UFZM5Uk,2020-06-02 06:13:11 Z
vK10AOANnbo,2020-05-31 14:41:41 Z
NnvkFdBYrRQ,2020-05-28 13:01:03 Z
btzJlZ57NEY,2020-05-28 12:03:58 Z
eHYkTUmsJlY,2020-05-28 09:25:15 Z
L4q6aK9Zous,2020-05-27 04:43:19 Z
k5FcL99NuB8,2020-05-27 02:56:08 Z
At4kjSXFr-U,2020-05-26 10:46:17 Z
vzx6h2sAGTU,2020-05-26 04:36:56 Z
gF-XOv6ajyY,2020-05-26 02:28:26 Z
VCqRDUbeQyE,2020-05-23 15:30:35 Z
7-IkUdg9YWM,2020-05-22 10:15:50 Z
LqcWSi2lGRw,2020-05-22 09:45:25 Z
Q9k6TzLOLkQ,2020-05-22 09:07:08 Z
DAUqqz-xaJ4,2020-05-22 01:18:07 Z
Tc0c3A4usDw,2020-05-21 09:10:50 Z
WYYTprvlkIw,2020-05-21 04:19:41 Z
xH1X1N1P4DY,2020-05-21 02:01:52 Z
w3gXcIifc3o,2020-05-20 05:53:13 Z
7qXBycvgItc,2020-05-19 17:28:08 Z
ZBBPyCSJDEo,2020-05-19 12:56:06 Z
GIdzIBDNt2s,2020-05-19 11:34:54 Z
PHMqIZh7XfY,2020-05-18 16:06:10 Z
unJ7_6BA3tE,2020-05-18 07:11:02 Z
3xSC6wXehuM,2020-05-18 02:13:18 Z
pmYwgqlDolA,2020-05-16 16:45:34 Z
JWbnEt3xuos,2020-05-16 10:11:13 Z
Y4Sza--NRSI,2020-05-16 06:08:50 Z
B07MJNs4x8A,2020-05-15 02:02:42 Z
CMKePKSa6NM,2020-05-14 16:00:48 Z
vs8Yhs7SE9s,2020-05-13 17:56:18 Z
aIbHFSPLLYE,2020-05-13 13:01:32 Z
HbPnZsoLHyA,2020-05-13 12:22:52 Z
Rd8PFcqUxA4,2020-05-13 11:05:31 Z
JmYAhy4mR9U,2020-05-13 10:43:16 Z
UvXVA_ZLAWo,2020-05-13 04:42:01 Z
31V6ifW3tNk,2020-05-13 02:06:09 Z
GxjnYpNpHWU,2020-05-12 17:31:02 Z
PF_7688Zk6s,2020-05-12 17:22:49 Z
irVMZKTBcXA,2020-05-12 16:15:57 Z
UZMIbo_DxJk,2020-05-12 05:03:32 Z
23dArPpXgCM,2020-05-11 06:29:56 Z
IWnD1YBPhNU,2020-05-10 08:10:55 Z
H7psGzlgZGE,2020-05-10 02:16:30 Z
YaexFDtAQko,2020-05-07 19:46:11 Z
RcYjXbSJBN8,2020-05-07 16:17:21 Z
B8gVMuIywe8,2020-05-07 12:21:34 Z
zaKIOxBtsI0,2020-05-07 11:43:06 Z
qACGF9qDnD4,2020-05-07 06:08:44 Z
M_XELa7kdmQ,2020-05-06 12:05:32 Z
ai7tWfukxWI,2020-05-06 04:16:02 Z
cRKLGTeh7Qo,2020-05-06 04:13:19 Z
ZU5l1p06tKw,2020-05-06 03:43:40 Z
elccxGjg1jE,2020-05-05 07:24:10 Z
1tUqyg4XlRU,2020-05-05 04:39:02 Z
wxWfPKucb3Y,2020-05-04 13:42:26 Z
Sv6dMFF_yts,2020-05-04 12:20:10 Z
az0BJRQ1cqM,2020-05-04 04:15:55 Z
usYFkmMBMRs,2020-05-03 07:33:26 Z
0LhIiMPw3nw,2020-05-02 18:19:18 Z
pScqzUHmijM,2020-05-02 05:34:43 Z
G2IaR8uRzXM,2020-05-01 15:37:04 Z
hIMLa4cVt2s,2020-05-01 10:15:22 Z
4OhVj80NNrk,2020-05-01 10:12:53 Z
utXs8BucLYU,2020-05-01 02:44:48 Z
ebceZ4B9Rmo,2020-04-30 10:33:39 Z
baiVamSrGu8,2020-04-30 05:59:54 Z
6VAnE83ViYA,2020-04-29 09:12:45 Z
Cs_mDpIkUOY,2020-04-29 06:50:42 Z
iOYaKYNPEqs,2020-04-28 15:49:29 Z
WRA3a7c4Qt4,2020-04-28 15:27:29 Z
Ao7RQj8sxuo,2020-04-28 15:10:50 Z
V_nK0WxbZnc,2020-04-28 08:25:40 Z
c3SUk-OqfS8,2020-04-28 05:22:19 Z
RzeZLASMzjY,2020-04-28 04:43:41 Z
tdf4EkRAKxo,2020-04-28 02:46:39 Z
4YqZ08GxV1c,2020-04-27 18:37:03 Z
Jj96tmdpIQI,2020-04-27 09:41:04 Z
y3rkLJ2pwc8,2020-04-27 09:39:28 Z
6gYOWuAGPFM,2020-04-27 08:09:29 Z
7v4Kh7jjEQQ,2020-04-27 03:36:55 Z
5f-JlzBuUUU,2020-04-26 04:33:37 Z
Dc7oHHc5vOU,2020-04-25 15:41:50 Z
XEVxc6TmdBs,2020-04-25 02:59:48 Z
Z11HmnF_OAE,2020-04-24 11:19:20 Z
ZR27wCDT-ng,2020-04-24 09:35:19 Z
dfL6ZCkhla0,2020-04-24 09:33:51 Z
iKE_E_E8Z3w,2020-04-24 06:21:30 Z
n7UFWriNFaY,2020-04-24 02:50:40 Z
6ZT-eGHCjZ4,2020-04-24 02:41:46 Z
m9Jo1OOdK-U,2020-04-23 11:51:31 Z
hd0tc7rLV1g,2020-04-22 14:42:53 Z
iXGr2wXyxWU,2020-04-22 09:18:55 Z
E8WXxsrz_Y4,2020-04-21 08:03:03 Z
RTGBJMDcras,2020-04-21 07:14:19 Z
4Fb9BosmhPk,2020-04-20 10:34:06 Z
bAqMf1rvFKM,2020-04-20 05:15:42 Z
IXFlwSr5u_k,2020-04-19 06:34:22 Z
98mh3jxcuxI,2020-04-18 16:07:32 Z
KSiZrKvHlVQ,2020-04-18 09:35:07 Z
dW9t7Nrin_c,2020-04-18 04:47:45 Z
GCt_EWNGk0c,2020-04-17 04:30:25 Z
urDD8Riv2eI,2020-04-13 04:34:29 Z
aVpJGGQHSqc,2020-04-10 13:27:14 Z
pZiEZ-udqRs,2020-04-10 10:58:17 Z
D_c4uruJV2U,2020-04-06 09:50:33 Z
T1-k7VYwsHg,2020-04-05 07:22:45 Z
zNT2pg-_Sns,2020-04-05 02:09:04 Z
AfbNS_GKhPw,2020-04-04 09:54:56 Z
sZf8hnH7Tbc,2020-04-03 16:23:45 Z
JDiZpfE9MFA,2020-04-03 05:49:47 Z
NHIkUzmNmc0,2020-04-02 11:27:24 Z
cA_AI0gPnhM,2020-04-02 10:45:39 Z
Q9Q53KWZFMU,2020-04-02 08:09:09 Z
mF3DCa4TbD0,2020-04-01 17:25:33 Z
0btv_vi5McU,2020-04-01 07:42:33 Z
rbHxeOQA1Mc,2020-04-01 05:13:39 Z
wcueSXGueJs,2020-04-01 03:24:26 Z
Kypmm4KMrZ4,2020-04-01 02:58:53 Z
tlkM8vL1elE,2020-03-31 18:37:53 Z
evcMQ7Lk8NU,2020-03-31 18:07:41 Z
GEw0ePZUMHA,2020-03-31 16:15:42 Z
TkS_tPYGLwg,2020-03-31 06:55:54 Z
aK8mbA083hE,2020-03-30 12:49:49 Z
vidIVRkaJ1Y,2020-03-29 15:38:59 Z
Mf4wwXM2o_M,2020-03-25 15:35:17 Z
Q0V6KIZiXco,2020-03-25 15:06:26 Z
 -qizos6_yy4,2020-03-23 01:24:47 Z
57igoocbksA,2020-03-17 16:20:48 Z
QLO4tg0ubXc,2020-03-15 11:03:53 Z
o-CHPueXfzY,2020-03-15 05:41:09 Z
WJ0Dcrc1i7A,2020-03-15 03:07:41 Z
E3URhJx0NSw,2020-03-13 04:08:07 Z
xPsYf9fjeG8,2020-03-12 17:53:11 Z
Yo-mDUJV3uM,2020-03-12 10:30:01 Z
iFtSmX6D0qA,2020-03-12 10:17:03 Z
XEVlyP4_11M,2020-03-11 19:12:26 Z
HPA86wpn88k,2020-03-10 03:03:56 Z
ae4JmMbu9oo,2020-03-09 10:30:57 Z
X7Z6IQSPNtg,2020-03-08 02:56:47 Z
iX8xJKsbUqs,2020-03-06 17:58:08 Z
qD1sSiTPu-M,2020-03-06 13:04:30 Z
vqm9eJ7yE4Q,2020-03-06 10:38:05 Z
VJnureuZ6Ts,2020-03-05 08:47:53 Z
uaAoWXIjRtc,2020-03-05 02:32:15 Z
aHWNFKTDNnU,2020-03-04 18:03:34 Z
MbT0Z-KKq4s,2020-03-02 17:26:22 Z
VphjSIY1kU8,2020-03-01 09:29:45 Z
N2ntCdMggj0,2020-02-29 08:34:02 Z
VgvvfSvg2bQ,2020-02-28 14:46:48 Z
1vZlYzUw4lw,2020-02-27 11:37:39 Z
u0ZfA4LR1mE,2020-02-27 06:32:55 Z
UAx1Sq6usRg,2020-02-23 11:06:12 Z
x9p2TvCtplY,2020-02-20 16:55:58 Z
XuV6OO-ZrA4,2020-02-16 03:59:54 Z
wvA-KBI7GY0,2020-02-16 01:53:22 Z
GPtHx-jWxMs,2020-02-13 03:44:37 Z
XGtMMYWhdUU,2020-02-12 06:36:45 Z
KOWcj7XKnfQ,2020-02-11 15:17:25 Z
KewsHT9dETU,2020-02-09 04:13:18 Z
r0fIsgWs_as,2020-02-08 18:01:58 Z
XmDKRf2bNCc,2020-02-08 12:16:22 Z
NRHkY6cwRfE,2020-02-07 12:54:00 Z
zIYWrqtVoFE,2020-02-02 12:48:23 Z
ViWvAnvT17c,2020-02-01 07:30:15 Z
ijdcL6FrQ6Y,2020-01-19 11:10:26 Z
Ezg4sr67OGA,2020-01-19 11:07:13 Z
rwhVqYVZHqI,2020-01-19 04:33:52 Z
TLnUJzueBOQ,2020-01-18 13:10:42 Z
uHDsaViTUvo,2020-01-18 12:02:39 Z
 -KQGZa773sI,2020-01-18 03:55:48 Z
vfptpA0Cp6A,2020-01-17 18:15:27 Z
d5XTDmm0KUQ,2020-01-16 05:05:12 Z
RGLgfGT032s,2020-01-15 08:01:06 Z
eQkSArQxYJg,2020-01-15 06:17:44 Z
1qY6BQDkYIw,2020-01-15 04:47:36 Z
4iLtjMwkOlg,2020-01-14 05:46:34 Z
iv0Ye-lIywQ,2020-01-12 17:26:58 Z
2fcWGB-RABM,2020-01-09 17:26:13 Z
7WCdS--E_eU,2020-01-06 15:13:06 Z
0NyQIC-C4aY,2020-01-06 06:42:14 Z
vdBYIGwt3Xs,2020-01-05 10:42:28 Z
ST6kj9OEYf0,2020-01-04 17:17:35 Z
XqvOIG4fJWA,2020-01-03 20:22:18 Z
vKAvj04OHd4,2020-01-01 15:46:15 Z
diT6jc9flkc,2019-12-29 18:16:15 Z
MhxrfRMG7iU,2019-12-28 13:23:18 Z
hqbS7O9qIXE,2019-12-27 01:32:07 Z
BfUPfy04uwo,2019-12-25 11:01:43 Z
ea_F8vzS43U,2019-12-25 09:36:11 Z
domDagbPyQ0,2019-12-23 17:07:06 Z
ZSuxxYTgs-c,2019-12-23 04:03:26 Z
gwZuUxeBYV8,2019-12-19 18:47:57 Z
v1vXC-vKgKg,2019-12-19 17:36:49 Z
4UK_PdRWRYQ,2019-12-18 05:34:40 Z
VSPuRXkUWoU,2019-12-15 12:51:06 Z
j091EzG2b8s,2019-12-12 10:46:33 Z
qZ9NlThB3SY,2019-12-09 16:43:51 Z
zOOu8eJ2Ar0,2019-12-07 16:24:22 Z
34l1Gm_SYRU,2019-12-07 09:50:53 Z
1PxGqxYoduk,2019-12-07 09:12:30 Z
6X1cBLoiR34,2019-12-06 08:40:03 Z
2lAe1cqCOXo,2019-12-06 07:52:00 Z
eYfFKWZp9OU,2019-12-05 14:35:14 Z
Y_oQYv9Oh0s,2019-12-05 05:37:06 Z
1nVuLcLBUts,2019-12-02 03:46:18 Z
ZT2z0nrsQ8o,2019-12-01 03:15:01 Z
b9hTaV8Y1Ho,2019-11-30 18:47:58 Z
D9NYzPuCRGA,2019-11-30 04:30:53 Z
V2c22B2FHeI,2019-11-29 14:57:00 Z
ycPr5-27vSI,2019-11-29 10:47:22 Z
PdYud9re7-Q,2019-11-27 16:51:08 Z
S7fgeSBvfTI,2019-11-24 03:57:10 Z
i2nmC8lPyGo,2019-11-24 03:56:07 Z
R2WxaeIJcqY,2019-11-24 03:36:37 Z
yZKhfZ25L4o,2019-11-23 08:28:45 Z
obMjuQU41yA,2019-11-23 08:18:15 Z
tBXX-6hFvy0,2019-11-21 09:38:48 Z
lbMf7V6XQqM,2019-11-20 14:53:43 Z
 -FEiguKxUjw,2019-11-18 18:47:14 Z
autZufInfMo,2019-11-18 15:59:33 Z
1GUgvMRNoTc,2019-11-17 10:32:01 Z
UK15xIMc1DY,2019-11-16 11:58:49 Z
bQnnBU-ZbOo,2019-11-15 13:24:06 Z
rY5jCvRHEFk,2019-11-14 12:53:16 Z
pERXVqS54XE,2019-11-13 07:07:56 Z
plSyrHqUh78,2019-11-13 05:09:10 Z
nS9W-wlJHPA,2019-11-12 05:19:43 Z
lgXqaS08ZqM,2019-11-08 14:32:28 Z
u59yLdbHack,2019-11-06 17:50:38 Z
PArFP7ZJrtg,2019-11-04 15:09:19 Z
W8lkEXj-pjY,2019-11-04 14:17:11 Z
6_SpwUw1kQE,2019-11-01 16:47:35 Z
8I0Px2vISFw,2019-10-31 13:59:36 Z
yPqKMcpHvX0,2019-10-28 17:34:06 Z
WBxAQYmPHDA,2019-10-27 09:07:15 Z
noLKTNmmy10,2019-10-26 08:04:05 Z
efs3QRr8LWw,2019-10-25 02:58:36 Z
NoChroQIA10,2019-10-23 17:26:42 Z
4DhbnX9b-SI,2019-10-18 16:50:40 Z
fssFXlNk6vw,2019-10-17 12:18:41 Z
M5v1nXiUaOI,2019-10-15 03:32:22 Z
BvYrrexNKyI,2019-10-11 02:38:57 Z
hXlDBvztqY8,2019-10-10 14:08:47 Z
Eldywk__eag,2019-10-09 17:42:30 Z
uN-TvWzeEvA,2019-10-07 05:05:57 Z
K8I_Q7i1Q6E,2019-10-04 14:55:37 Z
bR9VXywJoYc,2019-10-02 10:56:17 Z
EnFAfg4gQDQ,2019-10-02 04:08:59 Z
0AQFQMeOAig,2019-10-01 07:08:20 Z
rR-tTzZnrVE,2019-10-01 03:10:27 Z
MhTDp5FwfmM,2019-09-30 17:14:03 Z
MpzkuzT_wd4,2019-09-29 15:49:29 Z
x0WoDxcp9I8,2019-09-27 16:04:26 Z
IdPFaDt2dEo,2019-09-26 09:39:17 Z
2wG_Dl0q-7o,2019-09-22 19:22:23 Z
qqZ_SH9N3Xo,2019-09-16 12:05:51 Z
M2m1E03b4nA,2019-09-15 14:18:06 Z
ljhMGEITegw,2019-09-14 03:17:23 Z
IsZaOlCEmYs,2019-09-13 10:04:56 Z
npC5RTV7uBw,2019-09-12 10:33:46 Z
DYlesHOaPkY,2019-09-10 17:16:24 Z
zcEl4_XP4fs,2019-09-09 18:10:36 Z
wwyPwO6FSa8,2019-09-07 13:18:09 Z
MoudH-RPnEE,2019-09-07 11:12:25 Z
1_U-zEhsaXg,2019-09-05 07:47:38 Z
JqbZqK5bK9w,2019-09-02 02:42:10 Z
QWcEA-DizfE,2019-09-01 18:28:15 Z
Nfe-6_SHAWE,2019-09-01 17:59:15 Z
CGk2kVdEA60,2019-09-01 06:02:02 Z
VNdHd1asf9s,2019-08-29 09:12:26 Z
4r_nI-KXuPU,2019-08-28 19:10:47 Z
jXUk4lcps4w,2019-08-28 07:26:54 Z
gffK-RBbSfE,2019-08-28 07:16:23 Z
ggNRXu1avDk,2019-08-26 09:29:56 Z
VahZrbh8UZU,2019-08-26 05:50:12 Z
lypwuPVtZqU,2019-08-26 05:35:20 Z
U6Og9wtO9jE,2019-08-25 09:53:59 Z
7PIMiDcwNvc,2019-08-24 16:02:36 Z
RhArakH5cTU,2019-08-22 09:12:30 Z
0zXapd6lrqQ,2019-08-21 15:55:44 Z
LRMVIOq-Q40,2019-08-20 12:32:03 Z
cTzewkgvTmE,2019-08-20 12:00:07 Z
VorEFidI8WU,2019-08-16 00:43:03 Z
 -DHuRTvzMFw,2019-08-15 05:01:50 Z
jReT0ktW1Gc,2019-08-14 10:58:25 Z
LAZEcd6wdWs,2019-08-13 11:19:36 Z
DGWXvS-yMx8,2019-08-11 17:21:10 Z
QtD3KsLn2bg,2019-08-11 12:28:06 Z
M92I6rAbRfU,2019-08-11 01:47:06 Z
otEbT0l_Hbg,2019-08-08 15:27:07 Z
yDETVPFdbT4,2019-08-07 00:31:25 Z
NeI-1Aq5CJw,2019-08-06 12:04:11 Z
PESpp7SIuKc,2019-08-06 11:41:47 Z
dLScfe4SkfA,2019-08-06 11:31:36 Z
3mhAfjxncjI,2019-08-03 15:16:08 Z
g0OdmRtuQew,2019-08-02 11:29:18 Z
XWRJcNmzFYs,2019-07-31 12:37:17 Z
qxU6xN8o9r8,2019-07-31 12:32:51 Z
 -wqdRyMwtWA,2019-07-31 11:51:37 Z
y5Pgre11bFg,2019-07-29 01:09:59 Z
leOb6ndKiWU,2019-07-27 17:28:39 Z
lyG942-zMmg,2019-07-27 17:01:54 Z
BYrUE17SgdA,2019-07-25 14:58:57 Z
_SYTDPlNFkQ,2019-07-23 09:31:17 Z
ud1c5w06Y5E,2019-07-22 17:40:48 Z
X8vO6MbqXOk,2019-07-21 08:00:30 Z
dJg1ptpqN2g,2019-07-21 00:46:31 Z
RJ2XlUga7Mc,2019-07-20 16:29:59 Z
RzhV6Vt_xY8,2019-07-19 16:38:35 Z
B9_cJKTz8yo,2019-07-19 15:15:00 Z
EtlL3Hfavus,2019-07-17 16:52:38 Z
UNiRYCTpcGM,2019-07-13 17:54:30 Z
LqeQ2LXWBe8,2019-07-13 00:58:07 Z
cTsEzmFamZ8,2019-07-12 15:37:09 Z
h-GQlkyU7p4,2019-07-11 17:19:21 Z
PTEqhnNwClk,2019-07-11 09:43:33 Z
p-DPZ6M6-7E,2019-07-10 02:10:35 Z
WzC2f5PSIyw,2019-07-07 17:53:06 Z
3o7mvakEEsg,2019-07-07 11:04:08 Z
1nC7gAAdSPo,2019-07-07 08:50:19 Z
vTx_YvetLUY,2019-07-07 07:58:50 Z
GXck8CzsA6g,2019-07-07 05:59:20 Z
wHQKij7tATE,2019-07-03 16:51:20 Z
ouTasZ98xl4,2019-07-02 03:42:44 Z
a6SPEXtKeuo,2019-07-01 10:37:30 Z
lux-DdQATZE,2019-07-01 10:34:41 Z
rlSXaDq3uOk,2019-06-30 17:51:39 Z
RJTsUOmGYmY,2019-06-30 06:06:43 Z
zCpGz4v7GY0,2019-06-30 05:43:51 Z
YuihlgsgNSo,2019-06-30 05:06:21 Z
dj63jc9G6Uc,2019-06-29 02:11:28 Z
Iu5IZIwzoig,2019-06-29 01:22:45 Z
WRgFbqgZBro,2019-06-28 18:13:08 Z
FeMynYmdSZg,2019-06-27 03:14:58 Z
VHgw2RGBBpc,2019-06-26 01:21:21 Z
Od5A36FudD4,2019-06-18 03:09:49 Z
sK7GLq24nG0,2019-06-17 12:03:53 Z
k39LdgnlUhE,2019-06-17 06:23:28 Z
KH1mydfGppU,2019-06-15 04:41:30 Z
IULSD8VwXEs,2019-06-13 11:34:57 Z
HoSThfmOyHA,2019-06-12 15:00:18 Z
d9NkU9RNBjc,2019-06-12 13:51:06 Z
wOQDGvCLOs8,2019-06-12 11:20:42 Z
TC3JdEoDl1Q,2019-06-09 15:11:12 Z
5Rsd8F4H47M,2019-06-09 02:14:04 Z
3bWwcpLZLho,2019-06-08 07:29:20 Z
WgA2oGFh2iU,2019-06-01 07:42:28 Z
0-vGNxS1MDI,2019-06-01 00:33:35 Z
oQbpbsY7qVQ,2019-06-01 00:27:06 Z
MSGI5Uu5REk,2019-05-30 00:54:31 Z
XAsKFTL7MjA,2019-05-27 11:56:46 Z
k34_Tgz7nYI,2019-05-26 13:14:49 Z
S0_qX4VJhMQ,2019-05-22 02:47:31 Z
DWK_iYBl8cA,2019-05-21 14:51:37 Z
wQwgkflF8nc,2019-05-18 15:10:48 Z
CCECeic9XK0,2019-05-14 16:33:21 Z
Yaa3QroWe7Q,2019-05-13 16:55:22 Z
ahoHDU0T44I,2019-05-10 05:00:42 Z
FZ5A8r3AN4Y,2019-04-28 05:47:20 Z
coXmYSf7UXs,2019-04-28 03:04:08 Z
5YO85fKOtgI,2019-04-28 01:40:50 Z
f1VaboVwwVU,2019-04-26 15:08:57 Z
OUePZZDLPrE,2019-04-23 01:38:14 Z
GwUAwQRp850,2019-04-21 06:02:27 Z
Pw-0pbY9JeU,2019-04-12 16:43:34 Z
qLzISmhmAS0,2019-04-10 15:35:33 Z
9yrdFAJUSaU,2019-04-05 18:12:40 Z
XuVKW1liIhY,2019-04-05 11:58:44 Z
s_AHKrCJY7A,2019-04-02 02:40:30 Z
aLVigJoi9k8,2019-04-01 18:04:19 Z
yEyxZ_x3KZQ,2019-04-01 16:33:28 Z
PpehXVFIBmQ,2019-03-31 17:12:41 Z
PHgc8Q6qTjc,2019-03-31 17:02:13 Z
UE6UkF9sABU,2019-03-31 09:08:44 Z
R7u8C-rcU3k,2019-03-31 02:16:52 Z
G6QE4WRsRIk,2019-03-30 04:41:06 Z
_8L9sa9RieY,2019-03-25 04:14:04 Z
odCQhAezB_Q,2019-03-24 05:21:42 Z
sp7Ofgpfxoc,2019-03-24 03:39:03 Z
huVPDtmWMWM,2019-03-23 02:22:45 Z
2I-_SV8cwsw,2019-03-22 12:59:25 Z
yEmyUQsiPT4,2019-03-21 16:39:03 Z
1lmpGxQnjqk,2019-03-21 10:48:41 Z
 -g7yAXPuu6A,2019-03-17 01:16:06 Z
KiVBoh71yqU,2019-03-15 11:56:42 Z
6_haoOR6sVY,2019-03-12 10:24:39 Z
eOyM-unFoKc,2019-03-10 09:34:10 Z
YuIIjLr6vUA,2019-03-09 17:30:33 Z
hwOCqA9Xw6A,2019-03-09 14:55:47 Z
E-fakvMntAk,2019-03-08 17:23:31 Z
G9xpYNGRxbE,2019-03-04 16:40:06 Z
MPJ0AB12h1I,2019-03-04 02:21:11 Z
-5yh2HcIlkU,2019-03-01 08:55:14 Z
rTUPaPOH_pE,2019-03-01 02:12:20 Z
lMtNkmPheOY,2019-03-01 01:44:08 Z
ZHQ8BMP-82s,2019-02-27 17:19:19 Z
1SijELJNfrI,2019-02-26 14:57:18 Z
bJvS4aTcUyQ,2019-02-26 10:26:56 Z
LexDDnhxcGQ,2019-02-26 04:52:23 Z
8AJsKyh0x7w,2019-02-24 14:22:37 Z
XZXd4N58aEM,2019-02-24 13:09:14 Z
zpWYQ1YtgnI,2019-02-23 02:38:23 Z
WKbBDKsSEic,2019-02-18 16:59:16 Z
hRVOOwFNp5U,2019-02-17 12:21:36 Z
QBsA2ETp7JA,2019-02-17 12:15:35 Z
RVSVb_uKYQ8,2019-02-16 00:52:46 Z
X-qSY4IdLNE,2019-02-15 02:11:04 Z
_r8NYyUbiiA,2019-02-14 15:45:01 Z
cTQ6hIs3-Tk,2019-02-14 03:31:57 Z
kMpW-rcEeaU,2019-02-11 11:59:28 Z
02ux1dKNPXo,2019-02-09 15:17:37 Z
k-diau1UxLc,2019-02-08 08:14:55 Z
d1tAfXKc7-c,2019-02-06 16:50:20 Z
fUxJkY0IiNc,2019-02-06 13:31:53 Z
NE438EXQgXQ,2019-02-06 12:50:03 Z
_sdh5h_zkkk,2019-02-05 14:09:33 Z
Y8XM5oC5i3w,2019-02-05 10:37:53 Z
Zgm_iM3f_ME,2019-02-04 18:15:26 Z
UQTfyjhvfH8,2019-02-04 17:36:23 Z
ZReR1OuSnm4,2019-02-03 15:09:33 Z
_mP9OmOFxc4,2019-02-03 14:37:25 Z
rGHK6yeuU5w,2019-01-31 17:14:52 Z
TzHxR-K_sWc,2019-01-31 17:09:26 Z
BHLBaOASC74,2019-01-31 16:01:43 Z
4MEm8uUlHoo,2019-01-30 13:25:27 Z
7RUylQDHQMk,2019-01-29 14:03:25 Z
Yfb8eKbc3rU,2019-01-29 13:14:58 Z
P7_XgHhpBXY,2019-01-29 10:35:33 Z
hbeNDvwfDDM,2019-01-28 16:25:37 Z
U9DyHthJ6LA,2019-01-25 15:47:47 Z
_GB7rZfjrxw,2019-01-23 16:41:35 Z
KprzFp9A0kc,2019-01-21 13:11:18 Z
qloY4OJxBoQ,2019-01-20 12:54:00 Z
dBxOYE2j55U,2019-01-19 16:20:40 Z
x_HL0wiK4Zc,2019-01-17 16:07:43 Z
w7foLl3Z-ts,2019-01-17 10:42:22 Z
dhD37lKeH2o,2019-01-15 16:12:14 Z
onYSNgHbbW8,2019-01-15 11:25:00 Z
RbY6wTfC8gM,2019-01-14 16:33:18 Z
TKJqgvFu_B4,2019-01-09 02:57:08 Z
GwkEt_IWZYQ,2019-01-08 12:47:48 Z
o87hNhgfZvI,2019-01-08 07:25:00 Z
JDQ8MPJ0SP8,2019-01-08 07:17:02 Z
Nqh8dSzQV-g,2019-01-08 03:14:09 Z
L6Y0g8qmkiE,2019-01-07 17:48:22 Z
SWH5cXMaQf0,2019-01-07 13:56:33 Z
8K6CCzpq-uQ,2019-01-06 10:33:15 Z
tQeBRMp4S7s,2019-01-06 03:02:49 Z
D-gDPh9ZpFk,2019-01-04 18:13:25 Z
sEQf5lcnj_o,2019-01-04 18:00:42 Z
20Zw8t1VxS0,2019-01-04 16:34:52 Z
7eXVhaVNWls,2019-01-01 10:04:25 Z
R-Tl9ody6Zk,2019-01-01 08:05:42 Z
DJfg39WkMvE,2018-12-31 17:02:42 Z
P19qqpN1BlA,2018-12-30 02:28:31 Z
N6kYYNgkgBs,2018-12-28 06:54:58 Z
By_Cn5ixYLg,2018-12-28 02:47:44 Z
OAGfx7eB3gA,2018-12-27 14:36:09 Z
36QMyiRAv-Y,2018-12-25 01:39:16 Z
QUyOXOsXGtA,2018-12-25 01:36:28 Z
M40SBBsSCIA,2018-12-24 06:42:35 Z
PX5QgITQAwk,2018-12-23 10:21:59 Z
cS1KWv0das8,2018-12-23 05:06:46 Z
fZ_kYSyOolI,2018-12-23 02:21:54 Z
D7e4o1e1EuY,2018-12-21 12:13:36 Z
8CbWAjteILE,2018-12-20 16:31:36 Z
f-VJvFbkFHU,2018-12-18 16:44:19 Z
sE74_ucrAXQ,2018-12-15 13:49:53 Z
_oHB3fWM_jo,2018-12-15 11:56:14 Z
caFdvv7VE-8,2018-12-13 14:40:33 Z
fFh5Wmjg9RQ,2018-12-13 14:30:00 Z
iv8GW1GaoIc,2018-12-13 14:05:51 Z
obcgU-oLjnA,2018-12-13 13:54:23 Z
fTvJ1TYORJg,2018-12-13 13:49:38 Z
uvqD_VUZI24,2018-12-13 13:32:34 Z
8q4xY8NO7yQ,2018-12-13 13:26:42 Z
FficU0K2KqQ,2018-12-12 14:19:07 Z
PNTFRwgl4hs,2018-12-12 14:13:31 Z
W4JXvP-yHbw,2018-12-11 14:10:36 Z
dAywfoqE9ok,2018-12-10 12:33:59 Z
Vo4gl1ZT_wU,2018-12-10 01:32:45 Z
qFHxkZdz4HA,2018-12-10 01:23:56 Z
wS8a5as4d-I,2018-12-09 16:57:02 Z
5QuHJuas9W8,2018-12-09 09:33:40 Z
0TwihkFd-iU,2018-12-08 12:39:06 Z
LK3NuxO3Ke0,2018-12-08 12:31:21 Z
a2GVxYfKSxA,2018-12-08 01:43:10 Z
p8L-LjWHpjw,2018-12-04 09:38:17 Z
3Ky9MZyL8r4,2018-12-02 04:31:17 Z
OmG3BYTyCjo,2018-12-02 00:47:05 Z
ppw9vAc_wGU,2018-11-30 12:18:34 Z
ZdlrVDwn_a4,2018-11-30 09:35:02 Z
8Lvrikv6oPs,2018-11-30 02:05:42 Z
avuHvnsRQrs,2018-11-29 01:43:44 Z
9hPxn8fOcZ4,2018-11-26 01:02:06 Z
hjlm_NpAL44,2018-11-23 15:45:37 Z
ygGb3N_Nko4,2018-11-22 01:06:45 Z
BWHnR-_6RyI,2018-11-15 16:56:43 Z
e13k7kjkl0Q,2018-11-10 14:13:53 Z
yZYQpge1W5s,2018-11-09 17:15:04 Z
M-8urAhcyxs,2018-11-09 02:17:26 Z
uC3oJCI55hg,2018-11-05 07:45:51 Z
zm0HJESXjAA,2018-11-04 10:07:00 Z
Z8QlfsKWEYY,2018-11-03 18:08:50 Z
GynTcIkZMWU,2018-11-01 09:23:14 Z
XZp3Mtn-YsI,2018-11-01 09:11:56 Z
WSeNSzJ2-Jw,2018-10-31 08:50:41 Z
QAPUK5gqCQ8,2018-10-30 01:10:24 Z
mWRsgZuwf_8,2018-10-29 16:03:39 Z
q4rL_Lnt6kA,2018-10-28 17:05:20 Z
aMWNOaFGsXo,2018-10-28 01:48:37 Z
BuNmXYmTRQE,2018-10-27 16:48:29 Z
cSFSlZwneO4,2018-10-26 16:11:09 Z
YQKEJyDiIZc,2018-10-24 09:52:59 Z
dBiqFNNfudA,2018-10-21 15:24:04 Z
z6UtNpbGSHs,2018-10-21 09:30:44 Z
4v9Y5HLf12U,2018-10-20 13:58:23 Z
hNWz9o6CSyM,2018-10-19 15:25:14 Z
de9iiaxLEgM,2018-10-19 02:40:57 Z
 -h4t33tOG60,2018-10-18 09:11:28 Z
rzc3_b_KnHc,2018-10-17 13:07:41 Z
LlcAHkjbARs,2018-10-17 09:15:26 Z
wTAfy_nzJiw,2018-10-17 07:32:40 Z
DHccgmDjSww,2018-10-14 08:07:58 Z
2ccjWGaZe3k,2018-10-13 03:04:40 Z
ghOHhc8KtLw,2018-10-12 15:22:57 Z
e2SUGfXVy4A,2018-10-12 06:02:57 Z
wILTPumur0E,2018-10-11 01:13:09 Z
rVWZuXDkc4A,2018-10-09 15:33:42 Z
2JM2oImb9Qg,2018-10-09 00:34:36 Z
4xLJhJnu0Bw,2018-10-08 12:03:28 Z
6Dh-RL__uN4,2018-10-06 11:50:52 Z
CMP9a2J4Bqw,2018-10-05 16:20:57 Z
DzRGBAUz5mA,2018-10-05 14:59:44 Z
OKhacWQ2fCs,2018-10-03 16:58:03 Z
-9I9qeMKFUQ,2018-10-03 11:21:53 Z
UKqVC_guqHY,2018-10-02 15:36:01 Z
Jbjy3SPyjv0,2018-10-02 02:58:34 Z
J_lRJuQtBmc,2018-09-29 15:41:23 Z
g7TAAw3oQvg,2018-09-28 05:25:57 Z
NodyOh6fioc,2018-09-26 00:53:38 Z
tz8kXxsoctw,2018-09-25 16:19:14 Z
z6WVzX23MEI,2018-09-25 00:59:35 Z
i2bORWF1s58,2018-09-21 07:05:54 Z
8UFIYGkROII,2018-09-19 12:52:45 Z
LFYhSZKRgho,2018-09-19 11:51:04 Z
dGL5eRw7rXU,2018-09-19 09:34:55 Z
U3nMo3WXVzI,2018-09-17 18:20:01 Z
f8rC-f1BJhE,2018-09-15 01:25:52 Z
wrpauWGy4tQ,2018-09-13 01:08:26 Z
CB3H05OhVDI,2018-09-12 10:21:08 Z
v1SpVYmcTGM,2018-09-11 14:19:24 Z
g8pGQqLRLG8,2018-09-11 06:31:17 Z
yntDx4Y4baw,2018-09-10 09:26:46 Z
RQ_yM6uXJDI,2018-09-09 08:26:48 Z
dfH1bfPFjhQ,2018-09-09 02:35:12 Z
Fp0BScQSSvg,2018-09-08 16:13:31 Z
8dJ3mQlx4-I,2018-09-08 02:39:04 Z
INNQ8jRbMfY,2018-09-06 15:05:24 Z
1arz9Q9qBas,2018-09-05 17:06:30 Z
U11PIpHsPjw,2018-09-05 05:30:34 Z
wvnwi6Z7c_E,2018-09-03 15:37:37 Z
4sNCyiyIc_8,2018-09-03 15:02:32 Z
D7GEvpjOPmI,2018-09-03 09:50:19 Z
MjcFL7eEST0,2018-09-02 08:44:28 Z
EG87ZgALMpc,2018-09-02 07:55:34 Z
1XQTaESjREI,2018-09-02 06:53:14 Z
z667ZHqI5pc,2018-09-02 05:57:55 Z
iiP4IUf8L2A,2018-09-02 01:45:58 Z
qVei0z_-e7A,2018-09-01 05:24:01 Z
KfkR5o_bcSg,2018-09-01 02:08:40 Z
I2itlUlD10M,2018-09-01 01:45:05 Z
KfrIbN1mG0M,2018-09-01 00:23:47 Z
A-kqG_lRMls,2018-08-31 14:03:10 Z
lRsQYo4xWNU,2018-08-31 13:47:27 Z
9vHeT-6mSHw,2018-08-31 13:28:33 Z
UpIch08Xlgg,2018-08-31 13:28:27 Z
KtzBsKbPkHA,2018-08-29 16:22:54 Z
1n7cV5veMIo,2018-08-24 17:06:35 Z
e2tZyh4pwM0,2018-08-22 12:28:32 Z
rQiQ-uelxB4,2018-08-22 06:32:00 Z
IJmghBJKsnQ,2018-08-21 02:01:16 Z
 -wiFU5gPbnw,2018-08-17 13:38:10 Z
MYqnCXzJxJE,2018-08-15 08:22:25 Z
ohLwYA421kw,2018-08-12 04:04:40 Z
jOdZUhGyhIU,2018-08-12 01:58:04 Z
K5owJ0Wg7PI,2018-08-11 06:39:06 Z
mjjkHg5FOhk,2018-08-10 12:37:19 Z
cWTEE4SkCLY,2018-07-29 03:08:22 Z
7xufrgtAC8o,2018-07-28 12:07:21 Z
vXp3OaR9xJU,2018-07-28 12:00:40 Z
VZ_L6hA5LeE,2018-07-28 12:00:25 Z
LaIJpVwKgZw,2018-07-28 02:54:24 Z
8n5XNYSLSag,2018-07-28 00:53:26 Z
OzVZ9TJWxMw,2018-07-23 00:35:40 Z
RzClCJFpSoM,2018-07-21 02:26:26 Z
g50y_Jz7G8U,2018-07-21 01:23:42 Z
vXJgQLknzfI,2018-07-14 01:37:26 Z
SLsTskih7_I,2018-07-09 16:37:15 Z
1Z6wByiH0Mk,2018-07-09 09:56:47 Z
TGl2X0m2oes,2018-06-22 18:56:33 Z
w3iDB9v_WQc,2018-06-20 17:50:37 Z
7aMOurgDB-o,2018-06-12 23:41:02 Z
QptGSoGpI0E,2018-06-12 12:11:10 Z
Wj8Vg4gAqiw,2018-06-11 02:00:40 Z
JUabUTqMgpM,2018-06-11 01:46:44 Z
w5gbHSfbiK4,2018-06-08 22:20:28 Z
r7hsv7size4,2018-06-04 01:37:42 Z
a8Q5aSz4ohM,2018-06-02 11:57:24 Z
yU2wkD-gbzI,2018-05-31 11:55:50 Z
VqlHBjX5deM,2018-05-24 17:19:12 Z
XdkMrDmODtw,2018-05-24 07:34:34 Z
32nsCLJ0SIU,2018-05-22 00:54:22 Z
0src_xBb-sA,2018-05-13 15:39:16 Z
QFcv5Ma8u8k,2018-05-13 01:45:54 Z
UfKmSfgFxi8,2018-05-12 01:06:32 Z
Q6M255BZ0HU,2018-05-11 17:36:03 Z
S9bCLPwzSC0,2018-05-10 16:33:47 Z
btiK4aXrK20,2018-05-08 09:42:20 Z
sBBP0hW-ZCM,2018-05-08 00:36:18 Z
ecR2BgF_5Ms,2018-05-03 10:02:50 Z
CaksNlNniis,2018-05-02 14:05:17 Z
qbzyzRdcLmo,2018-04-29 12:04:11 Z
Vbfop_Lfnhw,2018-04-27 16:02:40 Z
FNgZ72EV9ls,2018-04-27 15:53:27 Z
qgUmlGSsE2c,2018-04-24 12:23:09 Z
6V9haXkpr50,2018-04-22 00:44:16 Z
njF1S4oQbgs,2018-04-17 09:36:12 Z
Py24xhrpeNs,2018-04-16 16:38:27 Z
dVmDS7bzUXs,2018-04-16 16:32:30 Z
GlfQDJnfgJE,2018-04-15 11:40:59 Z
v1YojYU5nPQ,2018-04-15 11:24:48 Z
ncbb5B85sd0,2018-04-14 09:18:09 Z
ea2FXcjk3Wo,2018-04-12 09:12:38 Z
0iVtf7zz3h8,2018-04-08 16:46:17 Z
E8O-7ZKLNnY,2018-04-08 15:35:17 Z
OPvUeZtL6dw,2018-04-07 02:00:32 Z
yoJBr4iOY3Q,2018-04-03 09:22:09 Z
hWLjYJ4BzvI,2018-04-01 05:10:49 Z
QcupIgZkDVM,2018-03-31 03:49:20 Z
zzKLQLuaRAA,2018-03-31 01:29:29 Z
Pcbl5NpwewA,2018-03-29 04:34:06 Z
6JyshWS4048,2018-03-25 11:53:28 Z
JSXGagNzNLw,2018-03-25 11:46:00 Z
YG3VJh9JQEE,2018-03-25 03:07:44 Z
hLPPE3_DVCw,2018-03-23 14:00:33 Z
sqE-iZwr1LY,2018-03-23 11:08:47 Z
_RENcw7a140,2018-03-23 01:31:21 Z
iDvVrUVoJBs,2018-03-22 10:31:40 Z
AywQCvSN2tQ,2018-03-21 13:53:25 Z
SR1iqYDSbMc,2018-03-20 16:20:19 Z
Z-7pNZq6Ae4,2018-03-20 12:34:17 Z
4Q41-1XSe8E,2018-03-20 11:07:30 Z
uGcsIdGOuZY,2018-03-20 05:13:49 Z
E7fXAYcMIhQ,2018-03-20 04:30:13 Z
bJp0_4ysL90,2018-03-19 10:25:48 Z
u1wd-5RuVzQ,2018-03-15 13:40:04 Z
JwtT8xZ9boY,2018-03-14 01:02:04 Z
jtSPbQaV_m0,2018-03-11 13:27:49 Z
F3Fsb4LeiCA,2018-03-11 02:12:45 Z
BJogCt6RKWo,2018-03-11 00:58:01 Z
vT_4jf02wsU,2018-03-10 11:45:52 Z
GpJx12y1lz4,2018-03-09 08:56:25 Z
VjsM8AXccZk,2018-03-09 02:27:50 Z
skfiA_YliMg,2018-03-06 09:11:12 Z
d-o3eB9sfls,2018-03-03 06:21:27 Z
IwB8Lwd8RMM,2018-03-02 02:28:29 Z
owTPZQQAVyQ,2018-02-25 17:50:50 Z
VXvblzAs6vM,2018-02-25 15:43:27 Z
oLaOsNwmieE,2018-02-25 06:03:23 Z
mbiJC8gJnnc,2018-02-25 04:59:59 Z
GinBiXMZMJM,2018-02-25 02:14:12 Z
pMPomCWUraQ,2018-02-25 02:11:18 Z
wX-KskZUCCc,2018-02-24 12:02:06 Z
SWdxNsinBsg,2018-02-24 08:14:32 Z
th8SkVJL5AA,2018-02-24 08:03:14 Z
R8Mkpcd1IQI,2018-02-24 04:46:45 Z
crT2AAhMaFw,2018-02-23 17:19:04 Z
KH2NHCjt_X8,2018-02-23 04:20:57 Z
s-spCmpsLXk,2018-02-22 14:26:48 Z
vlUgwKc3Stk,2018-02-22 11:35:03 Z
ZULEWKK1WzE,2018-02-22 11:05:46 Z
HXoQTFTFTho,2018-02-22 10:25:25 Z
1AH-tr6rTto,2018-02-22 06:26:52 Z
A9YcrloL3oE,2018-02-22 05:57:39 Z
eVoXmDdI6Qg,2018-02-22 00:46:04 Z
S6Z_qstBdUs,2018-02-21 16:39:53 Z
vRF8Y1td9K0,2018-02-21 06:04:32 Z
fKO-w3MdOL4,2018-02-21 01:32:33 Z
MXU_FlI5qFE,2018-02-20 05:58:27 Z
Jz50eTT6y8g,2018-02-20 04:15:07 Z
9o-77YQ1Rcc,2018-02-20 03:54:44 Z
oumKoEgvAUc,2018-02-19 06:40:13 Z
V2fw7u1epLg,2018-02-19 01:47:56 Z
8B2dwVbTKDg,2018-02-19 01:35:44 Z
VIv7x1SmsCs,2018-02-18 08:14:38 Z
ccZuFyNIv_Y,2018-02-17 08:29:32 Z
T7ojoDfUaA0,2018-02-17 08:02:18 Z
2zHH6__GUXk,2018-02-17 02:17:57 Z
CA9g2XHGhPs,2018-02-16 11:28:12 Z
rsXQInxxzBU,2018-02-15 06:29:56 Z
_dSp_f0f9gE,2018-02-15 05:06:17 Z
Cw7g8ixbomU,2018-02-15 04:34:07 Z
KbgvSi35n6o,2018-02-15 04:33:20 Z
I5LT-AYqkAs,2018-02-15 03:05:18 Z
R-CJpDqby1Q,2018-02-15 02:38:28 Z
oIuOB2XX1Xk,2018-02-14 16:22:35 Z
OlofrCgODFQ,2018-02-14 16:13:43 Z
jkPKVeE1r0w,2018-02-14 14:45:15 Z
kGZQopQTkfA,2018-02-13 12:09:33 Z
9uAOXQ8U4N8,2018-02-13 01:26:08 Z
rf1IArO-CLY,2018-02-12 13:42:49 Z
DflGvf5pvss,2018-02-12 12:54:55 Z
CP_p-8UOPbQ,2018-02-12 04:43:15 Z
axpmVpa7uDg,2018-02-11 13:20:16 Z
9S4yLDClu04,2018-02-11 07:30:07 Z
gIE105f0ejg,2018-02-11 05:29:39 Z
3wV4TxJ8dA8,2018-02-11 05:04:20 Z
s426ycSdGEY,2018-02-11 01:43:58 Z
dc9HT_eYp6c,2018-02-10 16:35:43 Z
mN2Xji5GBvM,2018-02-10 15:43:44 Z
vkPTgsAa63M,2018-02-10 10:29:38 Z
RtSS0SJE8oE,2018-02-10 06:54:55 Z
O50AgI2gD6o,2018-02-09 15:03:15 Z
ntHMsyr3R6w,2018-02-09 14:34:44 Z
rJBhkkzNDkQ,2018-02-09 14:14:54 Z
2yFCyPX3kT0,2018-02-09 14:14:17 Z
WqnXp6Saa8Y,2018-02-09 11:05:30 Z
e5jx9aYSG1c,2018-02-09 10:04:06 Z
SkNaUiaGRxw,2018-02-09 04:32:30 Z
7XNGYGla8Lo,2018-02-09 02:44:02 Z
6FmtiDbg4xY,2018-02-09 01:21:17 Z
 -BhVWnGdsRY,2018-02-08 09:12:40 Z
NlmezywdxPI,2018-02-08 08:20:16 Z
1rQ_mphb7HU,2018-02-08 05:26:09 Z
m4XahX7cuU8,2018-02-08 04:49:57 Z
0FAPvS1L3Ww,2018-02-08 04:48:24 Z
P-qA0QhCc1g,2018-02-08 03:45:57 Z
o-Bbcefiif8,2018-02-08 03:12:06 Z
oB7o2maRi_k,2018-02-08 01:26:24 Z
yBLdQ1a4-JI,2018-02-07 08:18:09 Z
JOZzku2SrzQ,2018-02-07 07:37:10 Z
ySJpMyLiLRU,2018-02-07 05:01:54 Z
Pzf9QG7Nm1s,2018-02-07 02:03:09 Z
 -F7dusD43RE,2018-02-06 15:13:46 Z
2lFfF5XLsCQ,2018-02-06 15:10:07 Z
ts6p4vO1rOI,2018-02-06 11:25:15 Z
GDrBIKOR01c,2018-02-06 10:46:33 Z
6y43ZpfUswk,2018-02-06 09:15:06 Z
DH28TyyPoTg,2018-02-06 06:45:28 Z
s86-Z-CbaHA,2018-02-05 13:44:12 Z
fTIkoRdreZM,2018-02-05 13:18:11 Z
6LyCC6jjcx8,2018-02-05 02:54:58 Z
oZ_qiYc133U,2018-02-05 01:48:32 Z
by0Enm_rep0,2018-02-04 06:48:48 Z
rzOI0ZvEhkk,2018-02-04 06:37:26 Z
5-4hOWDHIXo,2018-02-04 02:50:16 Z
yzshoDMBkqE,2018-02-04 02:16:21 Z
 -o3TfHjj_e4,2018-02-03 07:38:33 Z
VzqLEuqxul4,2018-02-02 16:22:32 Z
eveK7v2cX80,2018-02-02 16:08:58 Z
aMcjxSThD54,2018-02-02 06:00:37 Z
8wD802jdUJ4,2018-02-02 02:13:40 Z
Ycym8i7hjcA,2018-02-01 08:20:42 Z
W_qePqppbdQ,2018-02-01 08:19:35 Z
IP4F4p_fDrM,2018-01-31 06:37:22 Z
v5rZJa5St_w,2018-01-28 02:07:47 Z
zS1G5k2d4Io,2018-01-27 12:23:09 Z
gLsc-U8b4E8,2018-01-27 10:09:56 Z
WT6p-WxbKyw,2018-01-27 10:06:34 Z
Xtrsh4U_GCY,2018-01-27 04:38:29 Z
C1ObitoLwhM,2018-01-27 04:08:08 Z
 -knYdOywsEE,2018-01-27 02:50:06 Z
AG46wC0J5ow,2018-01-26 08:13:41 Z
wYoXzpa3ar4,2018-01-26 02:15:13 Z
HBxeTJusD2M,2018-01-26 02:10:59 Z
a3DppNiAGNo,2018-01-26 01:25:03 Z
6dwsYWF7TXI,2018-01-25 17:21:08 Z
7qt4yj6LGbs,2018-01-24 16:56:57 Z
lXOf_eILyjg,2018-01-24 09:50:23 Z
ioHG8s6xZFE,2018-01-24 08:06:12 Z
cTyQOKzMKp8,2018-01-24 08:05:26 Z
nlQU08V8xRs,2018-01-24 05:39:52 Z
uelHwf8o7_U,2018-01-24 05:34:56 Z
xA6jT66ZCiM,2018-01-24 01:35:28 Z
f3b-mU5Jevo,2018-01-24 00:31:12 Z
95Tbim7TFgM,2018-01-23 12:31:24 Z
bahPFBqbbvE,2018-01-23 12:17:03 Z
T26yqVtbWKc,2018-01-23 11:49:01 Z
rXMMsJJ4Yg8,2018-01-23 02:17:02 Z
jTr8HcbnDRA,2018-01-23 01:17:10 Z
UnsgxCc7LZY,2018-01-22 15:41:48 Z
djKwa9tPAJ0,2018-01-22 09:15:17 Z
_x2RksGrzyE,2018-01-21 14:09:00 Z
Dkm8Hteeh6M,2018-01-20 09:27:45 Z
ex_sBZXU6iU,2018-01-20 09:03:58 Z
BxFbS2oGRSc,2018-01-20 01:47:13 Z
wvQGoAg7rcA,2018-01-19 07:47:02 Z
PTxSAjXpnqo,2018-01-19 01:59:16 Z
ZyFsl8mzrIs,2018-01-19 00:50:26 Z
4gdEIljY82U,2018-01-18 16:13:31 Z
dwcmWhPcTk8,2018-01-18 16:02:47 Z
g2RlDnspPs8,2018-01-18 14:23:54 Z
MF0eGrSFlZw,2018-01-18 12:04:12 Z
SmtMeEK_lsQ,2018-01-18 12:01:36 Z
L-3c6d0EYMA,2018-01-18 01:45:14 Z
Hi2tjMLVpdQ,2018-01-17 09:56:56 Z
hrEFpGiETu8,2018-01-17 08:37:19 Z
N3Dlpky9ey8,2018-01-17 02:03:00 Z
MIYuSIWuXn8,2018-01-16 13:02:33 Z
Gbph5or0NuM,2018-01-16 10:38:03 Z
_3SrvZay9SU,2018-01-16 01:29:50 Z
xxt1WdFa2xE,2018-01-14 12:49:43 Z
rmwDiPilORQ,2018-01-13 05:56:06 Z
tEG1Eo7OexY,2018-01-13 04:33:09 Z
KUnrtXEX1-U,2018-01-12 16:32:56 Z
dnjInH_XuiY,2018-01-12 03:44:28 Z
cQQYD0Ia5fA,2018-01-11 18:37:16 Z
FXhMmadNBrM,2018-01-11 15:25:03 Z
gmUZs8ptF00,2018-01-11 01:30:46 Z
UceaB4D0jpo,2018-01-10 16:56:59 Z
ctHFDXXalis,2018-01-10 03:39:21 Z
nOyvyEUvjVA,2018-01-10 02:34:53 Z
QTJuy3_9fpk,2018-01-08 15:19:09 Z
Q3Qu6lzNUXo,2018-01-07 17:32:17 Z
_m0N0x_gC5k,2018-01-07 12:00:06 Z
gSrnXgAmK8k,2018-01-05 13:53:33 Z
9CulCaTU9oU,2018-01-05 08:06:39 Z
PALcJ0HW1-I,2018-01-03 11:14:26 Z
NGLxZBajInM,2018-01-03 05:03:19 Z
AnHUyZWnzhQ,2018-01-02 16:47:17 Z
OjcRenRZ5NE,2018-01-02 09:29:16 Z
FnDr4ZtiEI4,2017-12-31 01:07:01 Z
Qzo8Vug7TZk,2017-12-29 15:07:49 Z
R3FYtOPNIuY,2017-12-24 01:56:50 Z
uM2K-ue_2k0,2017-12-23 10:46:22 Z
TRz9rcBz-_Y,2017-12-23 08:12:25 Z
T0_M3t3UVao,2017-12-22 01:19:48 Z
kiLynlESaTs,2017-12-21 02:07:36 Z
A-cF5tEhsTk,2017-12-21 01:47:16 Z
DF5xVp4g9UU,2017-12-20 01:48:33 Z
MsfvMDkcgfY,2017-12-19 15:13:32 Z
QhI-H6zkryQ,2017-12-19 02:07:47 Z
BiYzvikhdWw,2017-12-16 16:09:02 Z
3BXDsVD6O10,2017-12-15 06:18:47 Z
8iqg9AiqzR4,2017-12-14 09:31:28 Z
71zTmGgmtvk,2017-12-13 02:06:00 Z
YNDRPZpH_t8,2017-12-13 00:09:23 Z
qhu7Xhrt2dE,2017-12-12 17:52:40 Z
qHxrX_ueq08,2017-12-12 08:25:33 Z
RhjIzxzYj_0,2017-12-12 00:01:23 Z
UKTrQcJ77GM,2017-12-11 15:09:35 Z
F1flM-y9Vwo,2017-12-11 00:49:58 Z
QWce9T6lINs,2017-12-10 01:30:43 Z
KNvhD-rT_IU,2017-12-09 02:25:16 Z
7mSAAjaufu0,2017-12-08 12:19:45 Z
zqfZ5pQ0Lro,2017-12-07 00:59:30 Z
gtU918m39Zc,2017-12-02 04:58:09 Z
6ZfuNTqbHE8,2017-11-30 01:59:58 Z
hQifSGM4VOk,2017-11-29 11:10:46 Z
LAVwYX4B87I,2017-11-28 18:35:43 Z
50664sENJRo,2017-11-26 16:41:16 Z
8F9jXYOH2c0,2017-11-26 07:52:28 Z
SYjyuRH7e1A,2017-11-21 02:37:06 Z
QSCeasMC0oA,2017-11-21 02:26:59 Z
YzgL7hDBSfk,2017-11-20 03:36:30 Z
vc6vs-l5dkc,2017-11-18 16:00:08 Z
3M_5oYU-IsU,2017-11-14 10:12:43 Z
ltfCMQeJ5NU,2017-11-09 02:19:47 Z
A3qoXx1zSaw,2017-11-08 06:36:57 Z
pPA2lq32ebk,2017-10-31 15:15:40 Z
dA_mPE8AMsk,2017-10-28 15:03:25 Z
7Ujvc4QsFyA,2017-10-27 16:37:33 Z
Cg6V-_iSvgA,2017-10-26 00:44:14 Z
IeOO-6If9dE,2017-10-25 01:00:56 Z
mEAakb-R9K4,2017-10-24 14:12:44 Z
pscvwXYPcG0,2017-10-22 03:46:53 Z
Ua0zMsDiAyg,2017-10-20 11:12:00 Z
HZakJFqdpRY,2017-10-19 08:53:27 Z
z_hXqx_rbzM,2017-10-16 14:57:30 Z
_HfksMRdAGM,2017-10-13 14:23:30 Z
dHmyw2n62Dw,2017-10-05 12:08:49 Z
tQpKb0U800I,2017-10-04 05:40:29 Z
bukzXzsG77o,2017-10-04 03:28:11 Z
uLyMS5LarAI,2017-10-01 04:02:19 Z
2M6v3KNpJQY,2017-09-29 02:22:17 Z
8ma-l-9zC3M,2017-09-28 00:58:09 Z
Tm8LGxTLtQk,2017-09-21 11:18:04 Z
aa8lSVY3O6s,2017-09-15 08:32:13 Z
vnuCsp_tVs0,2017-09-15 07:48:54 Z
cpMt4JBS5Uo,2017-09-14 17:49:28 Z
bugktEHP1n0,2017-09-14 06:55:37 Z
CrTjERItMJU,2017-09-13 09:34:11 Z
EvSYVb_4vjI,2017-09-13 07:51:59 Z
LXbDoIVW_lQ,2017-09-11 11:29:06 Z
cXeb9cb6k0I,2017-09-10 01:55:21 Z
zaHvon_fZp8,2017-09-09 03:08:23 Z
o-IzvO-F5QA,2017-09-08 08:58:39 Z
2RBazTfpybw,2017-09-08 00:21:02 Z
T0P4rVKrP-Y,2017-09-02 17:32:45 Z
eCspsmD84jE,2017-09-02 17:29:38 Z
5EoEf8S20uo,2017-08-29 05:31:21 Z
pe4feBH0ABk,2017-08-28 02:05:24 Z
oLiAewUW_G0,2017-08-27 01:19:38 Z
lmpJ_cKHli4,2017-08-24 16:41:03 Z
uotb9ZHnI2g,2017-08-24 09:25:24 Z
dKnoOdDLy4o,2017-08-24 09:24:09 Z
9eN0CIyF2ok,2017-08-24 02:54:58 Z
Gw2Vjr6VXq8,2017-08-24 02:15:41 Z
Q3sgdk8OAYQ,2017-08-24 02:08:36 Z
vg9cNFPQFqM,2017-08-23 02:26:56 Z
AKNcIO3mum0,2017-08-22 04:02:26 Z
gaYA9FLT3Ps,2017-08-20 01:03:06 Z
FOTBjtud8z8,2017-08-11 15:41:14 Z
pmcfL_qLhMo,2017-08-10 15:25:08 Z
RoA47_afn7Y,2017-08-08 15:14:46 Z
ki1sl4Ad08Q,2017-08-08 14:53:58 Z
_ON07dTfetM,2017-08-08 14:43:20 Z
Ani_6IRV20A,2017-08-08 10:32:45 Z
YqwVOWYJSxw,2017-08-03 17:20:46 Z
epziREoUSnU,2017-07-30 07:28:40 Z
RHh_jWp8YZI,2017-07-27 09:52:22 Z
Islli-xmW-A,2017-07-27 09:43:20 Z
b1xnSq9x_OA,2017-07-22 10:08:01 Z
7jpUqIuxyKo,2017-07-21 14:19:45 Z
FixlRkpx_1c,2017-07-20 13:04:09 Z
 -Zy28mVeVZw,2017-07-19 16:34:48 Z
OLpeX4RRo28,2017-07-19 00:16:15 Z
Qo2b531x4H4,2017-07-18 13:47:15 Z
iYx707eH_A8,2017-07-14 12:45:06 Z
LBkAAZRz7eU,2017-07-14 12:29:28 Z
n42JN-TMSkk,2017-07-11 10:51:45 Z
q7Gh_-KDXAk,2017-07-09 15:55:53 Z
RNKyErEjxiE,2017-07-09 12:54:11 Z
pI5cukyEWcM,2017-07-07 13:34:25 Z
tN3aE2hdSYg,2017-07-07 13:32:27 Z
47wP6lCQCw0,2017-07-04 00:43:59 Z
BdXOqtOLDmI,2017-07-02 07:13:14 Z
ydw6YDaN0IY,2017-07-02 06:49:14 Z
c3wuf9_ntgU,2017-06-30 01:25:53 Z
CkUu7GBuxkk,2017-06-29 05:51:29 Z
qcbEcSZdgBU,2017-06-27 02:19:11 Z
uqSrvt3skgQ,2017-06-26 05:10:42 Z
N2Li0raJQv4,2017-06-22 10:56:09 Z
E-5HoAf9G6Q,2017-06-20 08:49:33 Z
i6qa7aptE1Q,2017-06-20 03:01:38 Z
2HebI10r3F0,2017-06-18 16:09:31 Z
tUztc4ET1JI,2017-06-18 07:52:53 Z
k9N1e_-PtCE,2017-06-18 05:01:30 Z
keU_TvvutAI,2017-06-18 04:59:46 Z
XOZNj5E0AWE,2017-06-18 03:56:52 Z
vcurOk71Pvg,2017-06-17 08:57:46 Z
r1Dt1u_2mL8,2017-06-17 04:13:03 Z
8TTAJeooP0E,2017-06-17 04:09:00 Z
cAoXgZLRee0,2017-06-16 11:59:27 Z
8qJOqJiln7U,2017-06-11 03:12:18 Z
OzIY0Ik8KlM,2017-06-10 04:17:59 Z
VA770wpLX-Q,2017-06-10 04:14:02 Z
kpcIcaZ1bxg,2017-06-09 04:03:13 Z
LGswyY7Uz7w,2017-06-08 08:10:23 Z
lexLAjh8fPA,2017-05-22 16:44:55 Z
YVkUvmDQ3HY,2017-05-21 08:36:46 Z
j5-yKhDd64s,2017-05-19 16:46:36 Z
RhefujOnxgw,2017-05-19 12:44:27 Z
XbGs_qK2PQA,2017-05-19 09:24:56 Z
U-Ebbq6xHnQ,2017-05-14 02:45:39 Z
MREJhcgFML0,2017-05-12 02:21:11 Z
kEzmGObSU5U,2017-05-07 14:54:06 Z
UTo7E0evQWw,2017-05-06 05:23:22 Z
c4DT833LBcw,2017-05-04 09:35:42 Z
XMCYNH1EJTg,2017-05-02 09:13:19 Z
rKeew-cVijE,2017-04-23 12:49:34 Z
u0FE_iXC-OA,2017-04-23 09:49:38 Z
qjYxXg4wZDg,2017-04-21 11:32:53 Z
yJ15Ply7w6M,2017-04-20 00:50:15 Z
VXCaPR0exE8,2017-04-18 15:16:13 Z
Sjb1ZeDj3X4,2017-04-17 12:21:19 Z
T77frLL_bsg,2017-04-15 15:47:34 Z
JcmylxQ0ma4,2017-04-14 06:17:55 Z
5_m-ozgAA_c,2017-04-10 16:29:39 Z
AnRSXHQ2qyo,2017-04-09 13:24:36 Z
Z1f1paSoUXs,2017-04-08 08:15:17 Z
hJkO4SjBD8U,2017-04-06 10:01:45 Z
klJW4ulRJ0o,2017-04-06 09:58:10 Z
r2rUuKBU0Ck,2017-04-04 12:55:23 Z
usaJqeL9o4M,2017-04-04 02:03:44 Z
sx056KRrUqU,2017-03-31 08:34:39 Z
uBVf0gk0-6Y,2017-03-31 01:56:24 Z
V4dJb9itUb0,2017-03-23 07:04:14 Z
JNYykM03p24,2017-03-22 16:19:13 Z
vqTPvPJgCfQ,2017-03-22 12:59:11 Z
fB4PEym6lTA,2017-03-22 12:56:11 Z
8YWl7tDGUPA,2017-03-22 06:23:05 Z
M6pXGsF1eQc,2017-03-22 02:58:36 Z
wH-dvu_-lNo,2017-03-22 02:03:57 Z
T74pErf39vQ,2017-03-20 06:27:26 Z
EFWjn9OsSgc,2017-03-17 01:36:46 Z
0KT34plLNiM,2017-03-13 15:08:11 Z
NuPeyD6w-CI,2017-03-13 08:22:58 Z
Xq8rgSNNslQ,2017-03-13 01:10:16 Z
LH375NJYJMw,2017-03-07 05:43:56 Z
v4O9rMQ-TlU,2017-03-06 12:55:24 Z
oDdpnJ-W1Xo,2017-03-05 16:50:11 Z
CNnz44X3RfI,2017-03-05 10:29:44 Z
2j1AivjSlIA,2017-02-28 15:56:37 Z
tTIaUH6PIvo,2017-02-28 10:06:15 Z
SAUNie6r354,2017-02-20 14:05:15 Z
DTnrU6APzTA,2017-02-20 13:58:48 Z
aCgV2LLuteM,2017-02-20 13:45:30 Z
Bxg5ZXBZlFM,2017-02-19 15:33:58 Z
V3NGBo2M1Ps,2017-01-18 12:18:34 Z
7Vj5M0qKh8g,2016-12-19 01:16:18 Z
6HeEDHv-CHI,2016-12-18 15:01:26 Z
hHR9aM494rs,2016-12-11 02:03:29 Z
Y39LE5ZoKjw,2016-12-09 16:14:01 Z
oIkhgagvrjI,2016-12-09 15:29:20 Z
_iQ0uRkvVos,2016-12-01 15:46:48 Z
P3Qit4CZ6EU,2016-11-26 15:58:31 Z
zwQPQfluqHY,2016-11-26 10:25:37 Z
SxXcByAHTV4,2016-11-20 17:05:29 Z
fkPPkDwH9NA,2016-11-18 01:01:20 Z
zXMEeIRAa_g,2016-11-14 02:08:33 Z
8ZDpMfYkbDs,2016-11-12 10:07:29 Z
ng8mJBHRmpI,2016-11-10 11:33:24 Z
sMoadMyIFNY,2016-10-28 16:03:18 Z
UL0SetAZxrQ,2016-10-27 14:42:21 Z
FEB9V0-YJQo,2016-10-27 09:14:17 Z
5FPFCEIxvJM,2016-10-10 04:17:42 Z
kx51VJ2eT68,2016-09-23 15:01:18 Z
y4yXDKEM6_k,2016-07-12 10:48:20 Z
87uETsrePyM,2016-07-09 01:04:31 Z
rSwyjiBgrfQ,2016-06-20 12:15:34 Z
a91HYjSMpz0,2016-06-13 02:50:43 Z
BqtmKIce9ss,2016-06-11 14:30:16 Z
OAnjJK8oiuQ,2016-05-28 15:42:44 Z
5qY-gWF9AF8,2016-05-28 15:25:20 Z
N8WSJinBCgw,2016-05-26 01:50:07 Z
BJLM7T_gnUw,2016-05-15 02:46:32 Z
g24iXYCaeUI,2016-05-13 01:35:26 Z
U_LQw680_Q0,2016-05-13 00:33:52 Z
qXXZLoq2zFc,2015-12-27 05:55:08 Z
aHtjhCxRIa4,2015-12-26 17:20:45 Z
f8WsO__XcI0,2015-12-26 17:10:28 Z
QUHG0UyK9r8,2015-12-09 02:05:56 Z
S1GBBrDCAnk,2015-12-07 13:09:00 Z
LRDeOXYOfvI,2015-11-27 01:24:19 Z
pmvIUNqZEtY,2015-10-08 12:58:52 Z
cFm982JyE4A,2015-09-20 11:31:40 Z
NqrxK-wAwCw,2014-11-28 12:52:49 Z
ti5JRkpE6qo,2013-05-12 04:24:38 Z
e_txQTdyHI8,2013-04-18 14:30:03 Z
0XrRwruU8DE,2013-04-14 09:54:43 Z
yYsOnfN5tIU,2013-04-14 09:52:20 Z
xJzBpA-gXtI,2013-04-13 11:21:07 Z
4UG1g13wvLY,2012-11-16 02:27:23 Z
eHOhbXF4isM,2012-10-20 08:50:58 Z





