Playlist ID,Channel ID,Time Created,Time Updated,Title,Description,Visibility
PLGM7iv1HrU0Iic9vx77AFR3PfNqynSuQH,UCniTapeia3rHT7NiJ0ZuOVw,2022-06-19 22:25:31 Z,2023-03-27 06:03:20 Z,ML,,Private





Video ID,Time Added
wJQQFUcHO5U,2022-06-19 22:25:31 Z
nAEb1lOf_4o,2022-06-20 13:48:45 Z
fAHkJ_Dhr50,2022-06-26 14:36:11 Z
Ui38ZzTymDY,2022-06-26 22:15:14 Z
PouhDHfssYA,2022-06-26 23:16:46 Z
KWYn_TYoDQE,2022-06-27 04:37:13 Z
wixQLf0PQF4,2022-06-28 00:58:00 Z
m0zVEdgD9Lg,2022-06-29 03:06:31 Z
IwsE8Rr6l6E,2022-06-29 16:57:37 Z
icl2mO56S1c,2022-07-02 18:25:46 Z
4jROlXH9Nvc,2022-07-08 14:09:02 Z
DQc2Mi7BcuI,2022-07-16 17:16:05 Z
UqRCEmrv1gQ,2022-09-08 21:25:23 Z
nkNSNGJvFXk,2022-09-13 02:39:19 Z
6oQ0Obi14rM,2022-10-18 17:00:04 Z
C3CvCudJPDI,2022-10-19 16:16:44 Z
9uw3F6rndnA,2022-11-15 19:34:36 Z
JB8T_zN7ZC0,2022-11-27 20:35:58 Z
XuA58R5sNVQ,2022-11-27 20:36:07 Z
hKZXLw9XiHA,2022-11-28 22:23:38 Z
263vx1g52eM,2022-12-04 21:34:40 Z
kCc8FmEb1nY,2023-01-23 21:27:46 Z
dqb4U-QzMbs,2023-01-23 21:27:58 Z
NWqy_b1OvwQ,2023-02-17 16:41:06 Z
cS6JQpEY9cs,2023-02-26 06:08:13 Z
Ep4T8fyy2LE,2023-03-07 05:30:55 Z
zeJD6dqJ5lo,2023-03-15 08:33:25 Z
kT_-qUxrlOU,2023-03-21 01:51:13 Z





