Playlist ID,Channel ID,Time Created,Time Updated,Title,Description,Visibility
PLGM7iv1HrU0J7icJwV7J8ZVDFhhE5Z6gq,UCniTapeia3rHT7NiJ0ZuOVw,2019-11-28 12:50:45 Z,2023-04-18 08:47:19 Z,Music,,Private





Video ID,Time Added
Gf3NhIkdfRs,2023-04-18 08:47:19 Z
GvHsz0jWr0E,2023-04-16 03:12:31 Z
0582TMsrvns,2023-04-08 21:45:26 Z
L2k8Xta4rEo,2023-04-07 18:35:47 Z
qQhJAWtjRIQ,2023-03-28 09:06:30 Z
AvhYWSlUCw8,2023-03-28 09:06:10 Z
O1bhZgkC4Gw,2023-03-28 09:06:04 Z
MCjfix_qTJ8,2023-03-28 09:05:54 Z
iBuXUinJi3c,2023-03-17 08:10:06 Z
YuPzpoC3QNc,2023-02-20 17:04:34 Z
ZMSz2hQc4Vs,2023-02-12 12:01:55 Z
bEz5Doj8Fvk,2023-02-02 09:59:20 Z
zIvd9puCiu0,2023-01-27 06:18:27 Z
TS5C33nws-s,2023-01-27 06:11:35 Z
5ts3JgWJzls,2023-01-27 06:07:58 Z
oePA_B5w0hY,2023-01-27 06:04:52 Z
b02w5Tr6WdU,2023-01-13 01:10:38 Z
nxUw6B05pkc,2023-01-12 00:15:21 Z
8IIniEWky64,2023-01-02 13:51:18 Z
hBdWb34RKwc,2022-12-23 07:21:00 Z
oLyXJHsYCq8,2022-12-10 23:06:22 Z
oLyXJHsYCq8,2022-12-10 23:06:14 Z
u6lihZAcy4s,2022-12-04 22:34:39 Z
YPtYv1XO5cc,2022-12-04 00:12:10 Z
Atvsg_zogxo,2022-12-04 00:02:12 Z
 -WpnPSChVRQ,2022-12-03 02:05:34 Z
nl71vFvVOvw,2022-12-02 23:45:27 Z
JH398xAYpZA,2022-12-02 23:41:55 Z
MzsU_sn2aIE,2022-12-01 17:56:10 Z
bNI1iuNHW7E,2022-12-01 17:52:54 Z
N1_SxqGz6QI,2022-11-30 07:46:19 Z
fuwDtdxvOYU,2022-11-30 07:46:02 Z
yzTuBuRdAyA,2022-11-30 00:10:23 Z
OE140zsQ08I,2022-11-29 04:09:15 Z
P43XYXqJJlU,2022-11-15 07:50:46 Z
dIbQ9uoYE4I,2022-11-07 07:42:33 Z
dIbQ9uoYE4I,2022-11-07 07:42:28 Z
hJsMCfrGdK8,2022-11-06 06:34:16 Z
Zhx1n6uvgUE,2022-10-26 02:10:01 Z
C3CvCudJPDI,2022-10-19 16:16:47 Z
pLXf4NXE8Vs,2022-10-17 03:13:06 Z
W7NtDD858yM,2022-10-15 21:27:33 Z
Dx_fKPBPYUI,2022-10-15 21:27:16 Z
SX_ViT4Ra7k,2022-10-15 20:55:02 Z
4MNbX4MRIFQ,2022-10-15 20:54:54 Z
mcG93FZupiA,2022-10-12 13:58:46 Z
ErqUUYWfOBo,2022-10-11 01:23:47 Z
iw557YNs6g0,2022-10-11 01:12:47 Z
2OjzdpunQcc,2022-09-18 23:38:23 Z
iICmvBiCxe8,2022-09-18 04:51:57 Z
C0Ts73lS6nw,2022-09-18 02:59:06 Z
Io0fBr1XBUA,2022-09-16 21:16:59 Z
UKiVXun55Do,2022-09-16 06:34:49 Z
bsAI-LRE5FI,2022-09-14 16:15:54 Z
bsAI-LRE5FI,2022-09-14 16:15:50 Z
bzSTpdcs-EI,2022-09-12 04:27:35 Z
sJOf1x--ABw,2022-09-08 17:48:02 Z
l_MyUGq7pgs,2022-08-28 04:19:56 Z
ZB9UvUJL_lE,2022-08-26 17:01:41 Z
jfLpVbu5svQ,2022-08-26 16:57:28 Z
nIrYjzHAEp0,2022-08-20 03:25:41 Z
r9eGi0rVxBw,2022-08-19 19:31:25 Z
H76_uW1Fnso,2022-08-12 21:19:07 Z
dNGiRuLABgI,2022-08-12 15:08:12 Z
P7zFSRySTss,2022-08-06 03:56:25 Z
Ovz1K5ieNCQ,2022-08-03 20:09:10 Z
CKyB4j9VqXM,2022-07-30 17:12:01 Z
f9S6ArF5b9k,2022-07-27 20:41:28 Z
D7GEvpjOPmI,2022-07-06 22:56:45 Z
icl2mO56S1c,2022-07-02 18:25:49 Z
m0zVEdgD9Lg,2022-06-29 03:06:34 Z
4fgrbWfUrO4,2022-06-27 06:34:15 Z
KWYn_TYoDQE,2022-06-27 04:37:16 Z
0tn6nWYNK3Q,2022-06-21 15:46:11 Z
9xht4JIOfjU,2022-06-21 15:42:10 Z
bnzPJhW9XQg,2022-06-21 15:24:03 Z
BokDch3_g-Y,2022-06-21 03:25:23 Z
HTh9MI8eqPo,2022-06-10 09:08:51 Z
Az5XPYw16Eg,2022-06-08 18:31:05 Z
 -tKVN2mAKRI,2022-06-07 06:10:27 Z
YFS-nsuVTE4,2022-06-06 18:25:43 Z
dDqnBZ0k_ZE,2022-06-06 00:09:48 Z
1QWvfbH3LYk,2022-06-05 14:47:46 Z
XDnw808NKXY,2022-06-03 05:33:26 Z
H2j2gGqRXxI,2022-05-31 08:18:18 Z
AC98Q39t4HY,2022-05-31 00:24:31 Z
qQzdAsjWGPg,2022-05-30 23:30:48 Z
g3jCAyPai2Y,2022-05-30 18:18:43 Z
BnFr4MP7Tjo,2022-05-29 08:03:47 Z
Jkcu829N6qk,2022-05-29 07:38:35 Z
4haurn3S8z8,2022-05-29 07:35:03 Z
eHyl9KG9RWA,2022-05-28 04:24:46 Z
lij8RpaZKZ4,2022-05-24 09:21:03 Z
IxNqjrED8uY,2022-05-23 08:07:13 Z
SqD9uOGUydU,2022-05-23 07:45:33 Z
Z5NoQg8LdDk,2022-05-19 19:01:50 Z
8YqvOLfkwq8,2022-05-16 21:04:07 Z
1Z6CHioIn3s,2022-05-10 21:09:44 Z
B7xai5u_tnk,2022-05-07 02:08:02 Z
nsXwi67WgOo,2022-05-04 20:30:09 Z
WJxSNbAer9M,2022-05-04 06:32:21 Z
5CjA4W6BJeU,2022-04-29 22:35:20 Z
Z8uJBmuGEKw,2022-04-29 05:04:46 Z
PvzBWFGEz8M,2022-04-28 21:29:27 Z
PluDFsVo3z0,2022-04-28 20:57:13 Z
xg6gL_feXW0,2022-04-25 06:57:01 Z
qY7rpWA-D4w,2022-04-02 21:24:45 Z
EGOBLZNBiVM,2022-04-02 03:32:09 Z
dZVi4rCsRWQ,2022-03-18 01:33:14 Z
GtEvysh1654,2022-03-17 18:43:17 Z
ntG_EEfpasM,2022-03-16 22:23:22 Z
x89HvfEOpJY,2022-03-16 10:08:44 Z
YinYm4mbpvQ,2022-03-16 09:32:22 Z
WEQnzs8wl6E,2022-03-16 09:26:18 Z
pnnsyjcFnjc,2022-03-12 06:11:48 Z
Pv56oBAfRhY,2022-03-11 20:38:46 Z
n80ZHF7Ep0w,2022-03-11 09:29:39 Z
UMh0yLzNF2U,2022-03-09 10:31:55 Z
f4D0lY6A3nU,2022-03-09 10:25:32 Z
RRKJiM9Njr8,2022-03-08 02:35:04 Z
gGdGFtwCNBE,2022-03-08 02:34:57 Z
6R3ouGNcACQ,2022-03-07 02:22:38 Z
mSWGWyRiAYI,2022-03-05 06:56:56 Z
J3mXv5Ra0Zs,2022-03-05 02:07:47 Z
t7n5n4oXbFU,2022-03-01 02:12:53 Z
D_v8oX5s51g,2022-02-28 21:44:41 Z
NVZBn5zw7kc,2022-02-28 21:29:44 Z
K2pCnvLXdks,2022-02-25 22:16:34 Z
EVSqUl-FtCI,2022-02-20 09:41:31 Z
D9G1VOjN_84,2022-02-19 23:04:48 Z
dWZAH5w8jkQ,2022-02-19 23:04:33 Z
x9feF5rtMAc,2022-02-18 02:49:54 Z
QE72VUyHam8,2022-02-13 23:13:22 Z
pyDCubgU57g,2022-02-10 09:21:00 Z
xFjrx6Y907A,2022-02-05 22:54:59 Z
rtHi7P5tb_s,2022-01-26 17:49:59 Z
zW_tg3tr3ak,2022-01-18 01:41:43 Z
RwOrXNoDorw,2022-01-14 17:11:57 Z
Z2Z9V-4DMGw,2021-12-18 02:02:42 Z
24C8r8JupYY,2021-12-17 18:57:37 Z
hPByWThUnk4,2021-12-16 22:02:20 Z
RbRKO114c4g,2021-12-06 06:44:57 Z
LSvOTw8UH6s,2021-12-04 01:57:07 Z
4l7fhxNrrrM,2021-12-04 01:50:40 Z
K7prHmpfLUA,2021-11-30 21:20:08 Z
3jf_Z68c4LQ,2021-11-29 19:12:31 Z
766qmHTc2ro,2021-11-29 11:48:35 Z
9Y0_CVX1hok,2021-11-29 00:20:40 Z
cYxPLDZ97-c,2021-11-20 01:08:27 Z
FoAaGR4at8I,2021-11-17 08:55:25 Z
msLkh1fE8Os,2021-11-14 19:53:15 Z
apKilGC46E4,2021-11-11 10:25:55 Z
Db0fv7GunvQ,2021-11-11 10:13:45 Z
wI6T_PioDFA,2021-11-11 09:47:49 Z
FwcXGCSnrG8,2021-11-11 09:39:30 Z
NabLZpUDex4,2021-11-11 08:23:42 Z
N9THeou2AG0,2021-11-06 19:57:27 Z
lEi_XBg2Fpk,2021-10-28 19:29:47 Z
roh_p2l8DHo,2021-10-25 06:32:29 Z
7QaFGiCAM0E,2021-10-25 04:14:37 Z
7RUylQDHQMk,2021-10-24 00:20:17 Z
KR8RXZdHmnE,2021-10-23 04:09:49 Z
a51VH9BYzZA,2021-10-19 01:38:20 Z
CNXg-PQxHiw,2021-10-17 01:00:38 Z
BWmO6SCYhRc,2021-10-16 05:42:34 Z
4PnXEiD_9Wk,2021-10-15 08:52:26 Z
C8jABQPPNKI,2021-10-11 20:55:24 Z
AwHapidVQlI,2021-10-11 07:35:17 Z
3-bRMREsYrg,2021-10-11 03:31:47 Z
impSuIygMiQ,2021-10-10 21:31:12 Z
OMrkUUNvM48,2021-10-09 21:44:53 Z
EaA6NlH80wg,2021-10-09 19:46:23 Z
zi8tkmWxGtY,2021-10-07 17:43:40 Z
2By3feOVw20,2021-10-07 08:08:19 Z
Px9FvddtgpM,2021-09-16 20:33:37 Z
WpRcRYoHqxE,2021-09-14 08:25:52 Z
HIRiduzNLzQ,2021-09-13 15:42:32 Z
GQ3V50XoLOM,2021-09-07 11:16:17 Z
qNIhngowViI,2021-09-06 19:17:22 Z
ubYYFC6X9VI,2021-09-06 19:12:35 Z
cm-l2h6GB8Q,2021-09-06 19:12:05 Z
C0AcfFDbXQA,2021-09-05 00:33:31 Z
TwC1pe5vNZI,2021-09-02 22:05:48 Z
ZahXTDLFS6E,2021-09-01 22:50:29 Z
2ht4n4MwXCk,2021-08-23 17:46:30 Z
8eoIA6CQd_k,2021-08-21 22:02:22 Z
NyUTYwZe_l4,2021-08-19 19:35:26 Z
QtXNvoPfO84,2021-08-18 07:40:49 Z
WvwVWEINDqU,2021-08-10 22:55:43 Z
fqYJb6bOEUY,2021-08-08 22:18:01 Z
G3o43IcMTMA,2021-08-07 21:17:30 Z
nrvfKYc9lcU,2021-07-27 03:32:51 Z
NkYYYew8CUI,2021-07-21 08:47:14 Z
eDiu5rk8Mno,2021-06-26 05:47:16 Z
ChKAKj--e6E,2021-06-24 18:24:17 Z
_ZyD4n5zqxA,2021-06-14 04:39:40 Z
r-4XumkB2Yg,2021-06-14 04:25:52 Z
kT-nG4KSCrc,2021-06-07 13:41:59 Z
TUbYZpb_58s,2021-05-28 08:45:20 Z
O8v5S1nhKzo,2021-05-28 00:11:10 Z
3cqV5BKJHyk,2021-05-27 23:59:10 Z
c3cq8S5ZoOg,2021-05-27 23:56:41 Z
90db8dDtHJw,2021-05-27 23:51:13 Z
wEJ0vx8nDDs,2021-05-27 23:50:24 Z
rjMIiVMfT5Q,2021-05-27 15:02:31 Z
N6WTPPWUbK4,2021-05-15 09:09:23 Z
Vysgv7qVYTo,2021-05-11 11:43:06 Z
ADmFdRMzVQQ,2021-05-11 11:42:37 Z
9eUvRheknLk,2021-05-09 12:11:54 Z
 -AuQZrUHjhg,2021-04-26 11:50:26 Z
Hbmtrp0yZhk,2021-04-09 17:42:50 Z
IQEDu8SPHao,2021-04-07 19:38:24 Z
kvbfoPq3tTM,2021-03-24 03:49:16 Z
ATf05n5LBHQ,2021-02-18 02:07:35 Z
qkUzpNCrNiM,2021-02-17 17:18:30 Z
O669LKM6XDQ,2021-02-15 20:54:38 Z
Pu6obGUSlZ0,2021-02-15 01:02:40 Z
dn9S0t3xXn4,2021-02-14 23:18:43 Z
_k047W5r9qk,2021-02-09 23:55:28 Z
_M-6lkoi6L4,2021-02-07 19:06:12 Z
QXDzLTf8wK8,2021-02-02 23:50:26 Z
-3bD6Y6Yju8,2021-01-28 21:52:39 Z
1fx1hh3m1Fw,2021-01-22 14:34:48 Z
MFSlO5TbsPU,2021-01-12 15:07:13 Z
xNQePIW2MRA,2021-01-05 08:11:52 Z
fodAJ-1dN3I,2021-01-02 14:48:54 Z
4GDVEl3qw2M,2021-01-02 14:48:35 Z
USb3Ttul1Oc,2021-01-02 14:45:33 Z
lTQDa_t6x4s,2021-01-02 14:45:11 Z
OkNvl3fNf5A,2020-12-10 13:57:12 Z
_hQ-l6qQEU0,2020-11-29 04:19:22 Z
CcCw1ggftuQ,2020-07-02 03:07:34 Z
JN4hPQPqU4M,2020-06-13 04:42:59 Z
90qS-h-oxRo,2020-06-05 06:26:14 Z
PlurUGTANNM,2020-06-03 17:12:51 Z
Q9k6TzLOLkQ,2020-06-02 12:58:56 Z
_cvAOI0IwdA,2020-05-25 11:36:23 Z
cR3E9nwcthM,2020-03-11 03:57:11 Z
KQj0eXtsObU,2020-02-01 04:10:53 Z
FyASdjZE0R0,2020-01-21 12:32:04 Z
z3jiVWotIqA,2020-01-17 05:12:30 Z
D-gDPh9ZpFk,2020-01-10 12:06:34 Z
WaoF5QTX3Co,2020-01-06 07:34:26 Z
DGSlWcku9Yw,2020-01-06 05:04:46 Z
2Dh-cnlpw-8,2020-01-02 15:18:59 Z
mn77gzjBl1U,2019-12-30 15:15:17 Z
uHcP8XX5IJA,2019-12-30 15:09:06 Z
E58qLXBfLrs,2019-12-30 09:32:48 Z
RbBQ3dexqCs,2019-12-27 08:41:18 Z
V6NxMDy_tJU,2019-12-24 07:32:47 Z
D-BR7De7Rfk,2019-12-24 06:51:24 Z
PsO6ZnUZI0g,2019-12-20 16:45:31 Z
VNdHd1asf9s,2019-12-20 12:30:50 Z
uB_jz-xLwio,2019-12-20 12:30:39 Z
qNiVOI1mLcU,2019-12-10 05:05:04 Z
kXYiU_JCYtU,2019-12-05 14:16:52 Z
SyRHeyFdl0I,2019-12-05 14:06:01 Z
RDN4awrpPQQ,2019-12-05 14:01:24 Z
xnKhsTXoKCI,2019-12-05 13:55:46 Z
cZaGYphtr7E,2019-12-02 14:36:25 Z
k1frgt0D_f4,2019-12-02 14:36:15 Z
pS-gbqbVd8c,2019-12-02 14:36:05 Z
vUHHi0l8fmU,2019-12-01 04:06:25 Z
fmI_Ndrxy14,2019-11-30 03:30:49 Z
mfqsEpjEtrw,2019-11-28 13:15:27 Z
fZsCg4mz364,2019-11-28 13:15:18 Z
1lmpGxQnjqk,2019-11-28 13:15:12 Z
rzc3_b_KnHc,2019-11-28 13:15:04 Z
aVq16JzT-oY,2019-11-28 13:15:01 Z
SLsTskih7_I,2019-11-28 13:12:09 Z
wXhTHyIgQ_U,2019-11-28 13:12:03 Z
y5EOqb5veT8,2019-11-28 13:08:17 Z
ZbytR2avo-0,2019-11-28 13:07:31 Z
FxQTY-W6GIo,2019-11-28 13:07:04 Z
RiNZl7tEeoQ,2019-11-28 13:06:59 Z
X1ZwaRVlNVY,2019-11-28 13:06:52 Z
Vo4gl1ZT_wU,2019-11-28 13:06:31 Z
757oGVbIaMI,2019-11-28 13:06:20 Z
PESpp7SIuKc,2019-11-28 13:06:15 Z
SQQkY202N-Q,2019-11-28 13:06:08 Z
fFh5Wmjg9RQ,2019-11-28 13:06:06 Z
caFdvv7VE-8,2019-11-28 13:06:02 Z
vX8i21_6Isc,2019-11-28 13:05:23 Z
9PVG8XCQK0o,2019-11-28 13:05:20 Z
dWlBTmKhZVo,2019-11-28 13:05:07 Z
oEy-D7dAjvw,2019-11-28 13:04:48 Z
GumZcU8dqSo,2019-11-28 13:04:40 Z
Fh6bTCZGDuo,2019-11-28 13:04:29 Z
G_ZLpStlorE,2019-11-28 13:04:27 Z
LnATgmx7tGo,2019-11-28 13:04:17 Z
URwMxNidO-8,2019-11-28 13:04:09 Z
qo5VvL5wT3I,2019-11-28 13:04:02 Z
2m6nGyM8kTs,2019-11-28 13:02:53 Z
oOWBsmgjmPo,2019-11-28 13:02:46 Z
wK-8TCDrbV8,2019-11-28 13:02:30 Z
W8lkEXj-pjY,2019-11-28 13:02:08 Z
CsJOS7PVkPc,2019-11-28 13:02:03 Z
ZjUAsMnCB_Y,2019-11-28 13:01:55 Z
OJc4CVMKT0w,2019-11-28 13:01:51 Z
OSyKhqDsW14,2019-11-28 13:01:33 Z
Pzk7Vza9yzs,2019-11-28 13:01:28 Z
iJHASLCXA-w,2019-11-28 13:01:10 Z
PPqETVFYt5Q,2019-11-28 13:01:06 Z
QKfN_ve-eoY,2019-11-28 13:01:02 Z
AjFuf32Fh0I,2019-11-28 13:00:57 Z
 -nY0hvNOR_U,2019-11-28 13:00:54 Z
2hOMVeFH0Bs,2019-11-28 13:00:50 Z
UOQlKBlobRY,2019-11-28 13:00:01 Z
SlnrCLivyjM,2019-11-28 12:59:56 Z
cycUHgg0zzU,2019-11-28 12:59:48 Z
Rf4euAs7LY8,2019-11-28 12:59:45 Z
 -RQNe52jkao,2019-11-28 12:59:34 Z
IO2aTF7ygPE,2019-11-28 12:59:22 Z
Nhvm8r75aMo,2019-11-28 12:59:07 Z
Zzpg8qbSJIE,2019-11-28 12:59:00 Z
8F47-nKaTGE,2019-11-28 12:58:57 Z
3zYwmViZIw8,2019-11-28 12:58:23 Z
autZufInfMo,2019-11-28 12:58:05 Z
FAucVNRx_mU,2019-11-28 12:57:41 Z
f0bbDFRYD_A,2019-11-28 12:57:34 Z
GX8Hg6kWQYI,2019-11-28 12:57:27 Z
pgN-vvVVxMA,2019-11-28 12:57:21 Z
 -Zy28mVeVZw,2019-11-28 12:52:01 Z
dKnoOdDLy4o,2019-11-28 12:51:56 Z
lmpJ_cKHli4,2019-11-28 12:51:41 Z
tvTRZJ-4EyI,2019-11-28 12:51:30 Z
ZdlrVDwn_a4,2019-11-28 12:51:19 Z
XbGs_qK2PQA,2019-11-28 12:51:05 Z
SC4xMk98Pdc,2019-11-28 12:50:54 Z
Fp0BScQSSvg,2019-11-28 12:50:45 Z





