Playlist ID,Channel ID,Time Created,Time Updated,Title,Description,Visibility
PLGM7iv1HrU0IzAGo-fnridjoDaJ6iMFEP,UCniTapeia3rHT7NiJ0ZuOVw,2021-09-02 19:55:36 Z,2022-01-17 10:05:03 Z,Normie Music,,Private





Video ID,Time Added
EPo5wWmKEaI,2021-09-02 19:56:03 Z
nfs8NYg7yQM,2021-09-02 19:56:28 Z
QCQR7eyaiJM,2021-09-02 19:57:18 Z
dnZItt33cvI,2021-09-02 19:58:18 Z
LNArCBr6rrs,2021-09-02 19:58:43 Z
OkIkjglmTIQ,2021-09-02 19:58:57 Z
hT_nvWreIhg,2021-09-02 19:59:04 Z
psuRGfAaju4,2021-09-02 19:59:11 Z
_tNU6dpjIyM,2021-09-02 19:59:21 Z
KXJNoC6CuYE,2021-09-02 20:00:16 Z
U_ppsAcbZDo,2021-09-02 20:00:30 Z
ppw9vAc_wGU,2021-09-02 20:00:54 Z
1k8craCGpgs,2021-09-02 20:01:09 Z
ba7mB8oueCY,2021-09-02 20:02:45 Z
yVjjuOqMQIw,2021-09-02 20:02:53 Z
7Qp5vcuMIlk,2021-09-02 20:03:24 Z
au2n7VVGv_c,2021-09-02 20:03:41 Z
We4QQCMwyrg,2021-09-02 20:03:54 Z
UceaB4D0jpo,2021-09-02 20:05:17 Z
UYwF-jdcVjY,2021-09-02 20:05:49 Z





