Playlist ID,Channel ID,Time Created,Time Updated,Title,Description,Visibility
PLGM7iv1HrU0IRYBYDZ3Y0gDaVLf4_zAao,UCniTapeia3rHT7NiJ0ZuOVw,2014-01-12 12:19:20 Z,2023-03-20 05:12:15 Z,Watch later,,Private





Video ID,Time Added
EL7IhJFfepI,2023-03-20 05:12:15 Z
qyT5l836j-k,2023-03-09 01:01:58 Z
FgqpVKzuiXM,2022-12-04 22:38:00 Z
zLtqYSN0KV0,2022-11-20 03:42:31 Z
mcG93FZupiA,2022-10-12 13:58:49 Z
QgpzNWMawU4,2022-10-09 15:47:31 Z
d1fQr-2b4d8,2022-10-07 21:31:10 Z
ElUcNhuEwDI,2022-09-30 18:05:47 Z
bz8p_IO8xGg,2022-09-25 21:10:10 Z
nSdXqE-VT_0,2022-09-25 05:09:34 Z
sJOf1x--ABw,2022-09-08 17:47:58 Z
yqeuS43-69E,2022-08-29 04:40:13 Z
dNGiRuLABgI,2022-08-12 15:08:08 Z
Sm1DVbyeDiI,2022-08-11 15:04:33 Z
1ArVtCQqQRE,2022-08-11 07:15:55 Z
JOJWbV-ufk0,2022-08-05 15:29:26 Z
f9S6ArF5b9k,2022-07-27 20:41:24 Z
57FcZBYXMac,2022-07-23 16:22:58 Z
_PwhiWxHK8o,2022-05-30 18:27:19 Z
I31Jsg-eSbc,2022-05-29 23:37:20 Z
xnHtGxxueYc,2022-05-29 23:35:17 Z
eHyl9KG9RWA,2022-05-28 04:24:42 Z
MTofDxZ0v28,2022-05-26 19:04:57 Z
Q9k6TzLOLkQ,2022-05-24 18:10:44 Z
Xv0wRy66Big,2022-05-24 01:44:43 Z
aohSXh-7zX8,2022-05-23 01:35:05 Z
xg6gL_feXW0,2022-04-25 06:56:54 Z
Dyy-OKOAnwg,2022-04-18 05:43:07 Z
F0j94E4EutE,2022-04-04 18:52:18 Z
0sJqK5dnCLs,2022-03-24 05:22:26 Z
6p77TAIDxOs,2022-03-24 05:22:14 Z
5zOHSysMmH0,2022-02-27 02:30:47 Z
sq55bVmojCA,2022-02-25 13:38:38 Z
39Z00YkoUeA,2022-02-22 22:00:22 Z
QE72VUyHam8,2022-02-13 23:13:18 Z
PTrPeKEdQ5o,2022-02-12 03:03:19 Z
g2v_83FFrSc,2022-02-12 02:34:43 Z
GLBp-hCtSxs,2022-02-12 02:34:33 Z
UcknMEjwZ7c,2022-01-08 09:56:48 Z
S7-TuxrQ14c,2022-01-08 09:55:17 Z
c4Af2FcgamA,2021-11-26 07:49:54 Z
dZexPI-U6gQ,2021-08-26 20:07:51 Z
FpGeXbWio7Y,2021-08-23 20:20:41 Z
NkYYYew8CUI,2021-07-21 08:47:08 Z
_tdx7ddgTMQ,2021-06-29 11:50:32 Z
 -AuQZrUHjhg,2021-04-26 11:50:18 Z
dcUUbGb77tY,2021-04-22 07:33:07 Z
YJZCUhxNCv8,2021-04-21 18:14:58 Z
p04t7Ho-DEM,2021-04-14 05:51:41 Z
3fV4PsiG1Po,2021-01-06 22:10:00 Z
xNQePIW2MRA,2021-01-05 08:11:48 Z
0TwJZfRms1M,2020-12-30 09:14:14 Z
udHMdyBYNUQ,2020-12-09 15:54:36 Z
aFlromB6SnU,2020-12-07 08:37:34 Z
7juROVsNUvo,2020-12-02 11:14:14 Z
1wK5nD5gKZ4,2020-11-10 12:30:00 Z
PzAnB-tyI1k,2020-10-31 17:14:33 Z
47dg_C_smtI,2020-06-02 05:58:38 Z
44AfwKZttvI,2020-05-31 00:04:07 Z
0FM1ziPMQGs,2020-05-31 00:04:05 Z
EXxSQqRLjn4,2020-05-20 11:22:25 Z
2mMk5LrTXc4,2020-05-19 06:27:49 Z
EVeSBdZzFAk,2020-05-19 06:27:43 Z
8xkNfM0COHk,2020-04-03 12:03:01 Z
CzQ893h7uGg,2020-03-12 07:01:39 Z
x5nEb-7UKZI,2020-03-02 07:17:36 Z
i2tT3lB5huI,2020-03-01 16:46:56 Z
nHd3xfDzTg8,2019-11-29 07:25:36 Z
Fp0BScQSSvg,2019-11-28 12:50:27 Z
SG6VagQYIEY,2019-08-11 16:01:14 Z
HoSThfmOyHA,2019-06-12 15:00:20 Z
cudxwhDO0gQ,2019-04-12 13:43:47 Z
ZZ9_RJ2EPo0,2018-11-02 00:48:29 Z
lN-rVlMIJZs,2018-05-31 13:03:11 Z
mDha4fx4CiI,2018-05-14 15:47:19 Z
OPvUeZtL6dw,2018-04-07 02:00:34 Z
_x2RksGrzyE,2018-01-21 14:10:01 Z





