Playlist Id,Channel Id,Time Created,Time Updated,Title,Description,Visibility
LLxw-tLBQVCm258lhOGhomvQ,UCxw-tLBQVCm258lhOGhomvQ,2019-05-25 16:03:25 Z,2023-04-19 14:21:33 Z,Liked videos,,Private





Video Id,Time Added
XwAHSeAjDF0,2023-04-19 14:21:33 Z
nmFUGYitzbs,2023-04-11 13:54:55 Z
S5YsVzUV0TM,2023-04-10 23:08:59 Z
qhL6BYHeh3I,2023-03-19 19:45:31 Z
M71Zo0CGbAo,2023-03-19 16:19:51 Z
fBXt4bZiUOE,2023-03-13 01:50:29 Z
t2XD6SuQFIE,2023-03-07 06:57:52 Z
vOKPKog2tg8,2023-03-02 04:33:43 Z
Hakeo9l-uNU,2023-03-01 03:27:57 Z
b8hpy-W5PiU,2023-02-22 01:30:32 Z
xP8y54cbyk0,2023-02-21 19:53:31 Z
Yt3JAj3rLNA,2023-02-20 01:55:28 Z
jQyEAz5op4w,2022-03-30 19:42:35 Z
pc8Miifuel8,2022-03-30 15:08:42 Z
MayXtxYxSKg,2022-02-21 07:57:06 Z
E1zLaK1TH54,2022-02-11 19:57:38 Z
khFb1QssEqU,2021-11-19 05:48:53 Z
c2TvRZto2cM,2021-11-17 03:42:33 Z
CzB63T-R134,2021-11-10 18:16:35 Z
fd2rxirTvv8,2021-11-07 18:10:59 Z
Wt8796iAoJs,2021-11-07 17:51:23 Z
Elh8oxVXQaA,2021-10-14 03:02:00 Z
S-Et6DMA2-A,2021-09-26 21:36:50 Z
Nk7-evKcK2s,2021-09-07 06:41:16 Z
QN-YBgGS2aU,2021-08-10 16:27:26 Z
xJKOhHivkoY,2021-08-05 23:06:32 Z
8rbVRRgbBto,2021-05-17 18:43:23 Z
9DHuHkwaWWs,2021-02-14 19:19:23 Z
16GeJe0Mjh4,2020-12-28 18:41:01 Z
NdLbHLyipIU,2020-12-24 18:01:17 Z
Nu2KvrrM0xw,2020-08-11 19:12:02 Z
GUUnJsiQxdU,2020-07-30 20:19:07 Z
1xNmj_-zObo,2020-06-29 23:17:00 Z
OVfsWlD59cg,2020-04-19 22:29:56 Z
RWEZj9TbLzc,2020-04-13 18:10:34 Z
YhqB65dZBMQ,2020-04-10 14:35:24 Z
uFtFMvRZ6oo,2020-04-07 03:26:11 Z
Zej1sZA_gJw,2020-04-06 04:17:15 Z
ClqRIMpClWM,2020-03-29 06:24:02 Z
yi7KGA_i2r8,2020-03-24 00:37:05 Z
fq_rzA3RAmY,2020-03-20 19:34:24 Z
WS54qL3GeaI,2020-03-15 19:47:28 Z
A1iqCa0Qv1c,2020-02-26 04:55:51 Z
Y5c_T2DvIDw,2019-11-25 18:18:43 Z
p6dJBRPvB-w,2019-06-26 16:06:04 Z
pH0m_PM2Vqs,2019-06-19 01:17:05 Z
8YrhvP-AOJo,2019-05-25 16:03:25 Z





