Playlist Id,Channel Id,Time Created,Time Updated,Title,Description,Visibility
PLpm-zPUf0p5EFK9HeY-9IbvkUoHiKc8Bt,UCxw-tLBQVCm258lhOGhomvQ,2020-02-11 01:42:45 Z,2023-03-26 14:29:10 Z,Playlist,,Public





Video Id,Time Added
FdO57fvZ5wY,2020-02-11 01:42:45 Z
yuaH_9AWaSU,2020-02-11 01:42:45 Z
zbiJpbrdMeU,2020-02-11 01:42:45 Z
7eMKT8H_76g,2020-02-11 01:42:45 Z
yV__UWMNlnM,2020-02-11 01:42:45 Z
pjyCSQWbOCs,2020-02-11 01:42:45 Z
_WXtH0iUrvA,2020-02-11 01:42:45 Z
FsFOcnciCMU,2020-02-11 01:42:45 Z
bXcSLI58-h8,2020-02-11 01:42:45 Z
9gkRJONZPSA,2020-02-11 01:42:45 Z
 -LJaFibpLDk,2020-02-11 01:42:45 Z
mP9GihGnZ3M,2020-02-11 01:42:45 Z
rkZkSugnuLo,2020-02-11 01:42:45 Z
O0hiTfGicKQ,2020-02-11 01:42:45 Z
uCfGTRpeWBk,2020-02-11 01:42:45 Z
zmczT-HXCH4,2020-02-11 01:42:45 Z
419Si8yYD5c,2020-02-11 01:42:45 Z
yJV13ZXH6W4,2020-02-11 01:42:45 Z
q3xrH-5tkuE,2020-02-11 01:42:45 Z
RpycmWiogYQ,2020-02-11 01:42:45 Z
sJqw7PQNwzc,2020-02-11 01:42:45 Z
mgPokT3KNvc,2020-02-11 01:42:45 Z
XEvmR6x1zIc,2020-02-11 01:42:45 Z
E1ZVSFfCk9g,2020-02-11 01:42:45 Z
EA9HaXLAt9M,2020-02-11 01:42:45 Z
jl4oHy2RflY,2020-02-11 01:42:45 Z
w1D5TKQYMUM,2020-02-11 01:42:45 Z
Yem7q9vEjpc,2020-02-11 01:42:45 Z
ol8eCBdYqtU,2020-02-11 01:42:45 Z
VxNF5Tu6GTU,2020-02-11 01:42:45 Z
kVTTE2JqzYQ,2020-02-11 01:42:45 Z
XGGWhOUYObc,2020-02-11 01:42:45 Z
KkP8lpk7D8k,2020-02-11 01:42:45 Z
F2z3XXkTHcA,2020-02-11 01:42:45 Z
EzaHKPUFXH0,2020-02-11 01:42:45 Z
fnlJw9H0xAM,2020-02-11 01:42:45 Z
PGEt9xDm-rY,2020-02-11 01:42:45 Z
R59sfLVdBJA,2020-02-11 01:42:45 Z
r7qovpFAGrQ,2020-02-11 01:42:45 Z
ivCY3Ec4iaU,2020-02-11 01:42:45 Z
bG_NI-cCxDs,2020-02-11 01:42:45 Z
Pf8Vbt04Pkw,2020-02-11 01:42:45 Z
3E78T8h5EhA,2020-02-11 01:42:45 Z
gVqcUi9tpCw,2020-02-11 01:42:45 Z
GnF1S-WedwI,2020-02-11 01:42:45 Z
zVlFkFmk_NM,2020-02-11 01:42:45 Z
Nhsb4MXunMo,2020-02-11 01:42:45 Z
RLPNYoAwsDA,2020-02-11 01:42:45 Z
fSVgScLcykQ,2020-02-11 01:42:45 Z
rSbxm4c7D6M,2020-02-11 01:42:45 Z
Xkik9acuc_4,2020-02-11 01:42:45 Z
idbtv8mz_1A,2020-02-11 01:42:45 Z
Mz_4VG-64tE,2020-02-11 01:42:45 Z
KRaPykuwCiw,2020-02-11 01:42:45 Z
 -XBAkA-6N6I,2020-02-11 01:42:45 Z
5I2MuYj8LFI,2020-02-11 01:42:45 Z
z098rufVNrM,2020-02-11 01:42:45 Z
UO2dDz-knBQ,2020-02-11 01:42:45 Z
JSmm9NB26zw,2020-02-11 01:42:45 Z
 -wP2M9hnTOk,2020-02-11 01:42:45 Z
ZeinRNbiaaE,2020-02-11 01:42:45 Z
vm85FihXJB0,2020-02-11 01:42:45 Z
UrT6ujjoKqQ,2020-02-11 01:42:45 Z
Espn-9zgHK8,2020-02-11 01:42:45 Z
Y3IM67eXgmg,2020-02-11 01:42:45 Z
yjtYK7Mn6Cw,2020-02-11 01:42:45 Z
IcsRX8HFRXs,2020-02-11 01:42:45 Z
McqTGPbtV4M,2020-02-11 01:42:45 Z
u62-823GF4U,2020-02-11 01:42:45 Z
mLy64ScEwD0,2020-02-11 01:42:45 Z
Ezw8f7l1-vQ,2020-02-11 01:42:45 Z
Db0f3w_ASw0,2020-02-11 01:42:45 Z
ue1czxmU7_s,2020-02-11 01:42:45 Z
juPYgejqp7w,2020-02-11 01:42:45 Z
kfCBX9EnE70,2020-02-11 01:42:45 Z
asMAG3MpWNo,2020-02-11 01:42:45 Z
JTkBT0ZGJLM,2020-02-11 01:42:45 Z
Jc9rWHQ13CU,2020-02-11 01:42:45 Z
E-UYmxVq4EI,2020-02-11 01:42:45 Z
KauNIC22a24,2020-02-11 01:42:45 Z
m43Hb8AJEc8,2020-02-11 01:42:45 Z
VyeN4IjlrhA,2020-03-23 19:31:41 Z
ur3iTI0ci-g,2020-06-24 20:33:15 Z
bRzNufidtpY,2020-08-21 02:08:54 Z
FwQntWIdsFs,2022-02-25 00:56:25 Z
0_GmtswgB94,2022-04-22 17:51:02 Z
tQqq4Id6vM8,2023-02-13 16:47:32 Z
Xlatne9N5vo,2023-03-26 14:29:10 Z





